title,price_current,price_original,discount_percent,discount_source,has_coupon,is_limited_time_deal,url,product_dimensions
"Knit Cuffed Beanie for Men/Women, Soft Warm Winter Hat Unisex Stocking Cap",,,,,False,False,"https://www.amazon.com/ROXUN-Cuffed-Beanie-Winter-Stocking/dp/B0FHPYBYYZ/ref=sr_1_1_sspa?crid=3UD0HZDEGZ2PT&dib=eyJ2IjoiMSJ9.rsRuWNAZIB5bJy_6apC1D9w8GVqAJ9TetzuQVaYrdGxRpYfEX2q__cT3x02aZFhXWIjPAUUVfrLxdpUcTZNh-2NFOdWa55d860FdAeQYkbO3U623ZVoeyq_65dpvZm51wyOra0XRrU-MV5pJoCUi3taKsvP47q1PqQb2rnWYvYm7jRz5WOUnIGzB8rz8EehRq4nyu_4GVBI2CS41EJl5GAb8dhme8mYwDL0h6DZ1eZ3xg8jYNzurCJrnzXfq1FUlZlaG1N52_8PKAFRmS9iYtrUI6nAJtagnhlVZRzGp_ck.ZfdmHyvs1zAd38CngtgCYcgwR0HBJ4RoOgwDi4YuL5c&dib_tag=se&keywords=hats&qid=1759276708&sprefix=ha,aps,230&sr=8-1-spons&sp_csd=d2lkZ2V0TmFtZT1zcF9hdGY&psc=1",
"Baseball Cap, Snapback Trucker Hat for Men & Women with American Flag and Adjustable, Breathable Mesh, Flat Bill Hats",,,,,False,False,"https://www.amazon.com/UALON-Baseball-Snapback-Adjustable-Breathable/dp/B0C1N59ZQP/ref=sr_1_2_sspa?crid=3UD0HZDEGZ2PT&dib=eyJ2IjoiMSJ9.rsRuWNAZIB5bJy_6apC1D9w8GVqAJ9TetzuQVaYrdGxRpYfEX2q__cT3x02aZFhXWIjPAUUVfrLxdpUcTZNh-2NFOdWa55d860FdAeQYkbO3U623ZVoeyq_65dpvZm51wyOra0XRrU-MV5pJoCUi3taKsvP47q1PqQb2rnWYvYm7jRz5WOUnIGzB8rz8EehRq4nyu_4GVBI2CS41EJl5GAb8dhme8mYwDL0h6DZ1eZ3xg8jYNzurCJrnzXfq1FUlZlaG1N52_8PKAFRmS9iYtrUI6nAJtagnhlVZRzGp_ck.ZfdmHyvs1zAd38CngtgCYcgwR0HBJ4RoOgwDi4YuL5c&dib_tag=se&keywords=hats&qid=1759276708&sprefix=ha,aps,230&sr=8-2-spons&sp_csd=d2lkZ2V0TmFtZT1zcF9hdGY&psc=1",
"Baseball Cap, American Flag Trucker Hat for Men Women, Breathable Adjustable Fit Outdoor Mesh Snapback Hats",,,,,False,False,"https://www.amazon.com/VIONLAN-Baseball-American-Embossed-Adjustable/dp/B09W58K2L3/ref=sr_1_3_sspa?crid=3UD0HZDEGZ2PT&dib=eyJ2IjoiMSJ9.rsRuWNAZIB5bJy_6apC1D9w8GVqAJ9TetzuQVaYrdGxRpYfEX2q__cT3x02aZFhXWIjPAUUVfrLxdpUcTZNh-2NFOdWa55d860FdAeQYkbO3U623ZVoeyq_65dpvZm51wyOra0XRrU-MV5pJoCUi3taKsvP47q1PqQb2rnWYvYm7jRz5WOUnIGzB8rz8EehRq4nyu_4GVBI2CS41EJl5GAb8dhme8mYwDL0h6DZ1eZ3xg8jYNzurCJrnzXfq1FUlZlaG1N52_8PKAFRmS9iYtrUI6nAJtagnhlVZRzGp_ck.ZfdmHyvs1zAd38CngtgCYcgwR0HBJ4RoOgwDi4YuL5c&dib_tag=se&keywords=hats&qid=1759276708&sprefix=ha,aps,230&sr=8-3-spons&sp_csd=d2lkZ2V0TmFtZT1zcF9hdGY&psc=1",
Outdoor UPF50+ Mesh Sun Hat Wide Brim Fishing Hat with Neck Flap Sun Hat for Men Women,13.25,,,,False,True,"https://www.amazon.com/Home-Prefer-Outback-Safari-Fishing/dp/B07CPY32PW/ref=sr_1_4_sspa?crid=3UD0HZDEGZ2PT&dib=eyJ2IjoiMSJ9.rsRuWNAZIB5bJy_6apC1D9w8GVqAJ9TetzuQVaYrdGxRpYfEX2q__cT3x02aZFhXWIjPAUUVfrLxdpUcTZNh-2NFOdWa55d860FdAeQYkbO3U623ZVoeyq_65dpvZm51wyOra0XRrU-MV5pJoCUi3taKsvP47q1PqQb2rnWYvYm7jRz5WOUnIGzB8rz8EehRq4nyu_4GVBI2CS41EJl5GAb8dhme8mYwDL0h6DZ1eZ3xg8jYNzurCJrnzXfq1FUlZlaG1N52_8PKAFRmS9iYtrUI6nAJtagnhlVZRzGp_ck.ZfdmHyvs1zAd38CngtgCYcgwR0HBJ4RoOgwDi4YuL5c&dib_tag=se&keywords=hats&qid=1759276708&sprefix=ha,aps,230&sr=8-4-spons&sp_csd=d2lkZ2V0TmFtZT1zcF9hdGY&psc=1",
Men's Athletic Baseball Fitted Cap,12.47,,,,False,False,https://www.amazon.com/Flexfit-Athletic-Baseball-Fitted-Black/dp/B073DTZ6KZ/ref=sr_1_5?crid=3UD0HZDEGZ2PT&dib=eyJ2IjoiMSJ9.rsRuWNAZIB5bJy_6apC1D9w8GVqAJ9TetzuQVaYrdGxRpYfEX2q__cT3x02aZFhXWIjPAUUVfrLxdpUcTZNh-2NFOdWa55d860FdAeQYkbO3U623ZVoeyq_65dpvZm51wyOra0XRrU-MV5pJoCUi3taKsvP47q1PqQb2rnWYvYm7jRz5WOUnIGzB8rz8EehRq4nyu_4GVBI2CS41EJl5GAb8dhme8mYwDL0h6DZ1eZ3xg8jYNzurCJrnzXfq1FUlZlaG1N52_8PKAFRmS9iYtrUI6nAJtagnhlVZRzGp_ck.ZfdmHyvs1zAd38CngtgCYcgwR0HBJ4RoOgwDi4YuL5c&dib_tag=se&keywords=hats&qid=1759276708&sprefix=ha%2Caps%2C230&sr=8-5,
"3 Pack Washed Plain Baseball Cap, Retro Adjustable Dad Hats Gift for Men/Women,Unstructured/Cotton",11.59,,,,False,True,https://www.amazon.com/MNXA-Baseball-Adjustable-Unstructured-Burgundy/dp/B08H59VBFQ/ref=sr_1_6?crid=3UD0HZDEGZ2PT&dib=eyJ2IjoiMSJ9.rsRuWNAZIB5bJy_6apC1D9w8GVqAJ9TetzuQVaYrdGxRpYfEX2q__cT3x02aZFhXWIjPAUUVfrLxdpUcTZNh-2NFOdWa55d860FdAeQYkbO3U623ZVoeyq_65dpvZm51wyOra0XRrU-MV5pJoCUi3taKsvP47q1PqQb2rnWYvYm7jRz5WOUnIGzB8rz8EehRq4nyu_4GVBI2CS41EJl5GAb8dhme8mYwDL0h6DZ1eZ3xg8jYNzurCJrnzXfq1FUlZlaG1N52_8PKAFRmS9iYtrUI6nAJtagnhlVZRzGp_ck.ZfdmHyvs1zAd38CngtgCYcgwR0HBJ4RoOgwDi4YuL5c&dib_tag=se&keywords=hats&qid=1759276708&sprefix=ha%2Caps%2C230&sr=8-6,
Women's Flower Knit Hat Winter Warm Wool Beanie Black and Pink Crochet Slouchy Hat for Women,22.99,,,,False,False,https://www.amazon.com/Chicingyou-Womens-Flower-Crochet-Slouchy/dp/B0FKTMVGT1/ref=sr_1_7?crid=3UD0HZDEGZ2PT&dib=eyJ2IjoiMSJ9.rsRuWNAZIB5bJy_6apC1D9w8GVqAJ9TetzuQVaYrdGxRpYfEX2q__cT3x02aZFhXWIjPAUUVfrLxdpUcTZNh-2NFOdWa55d860FdAeQYkbO3U623ZVoeyq_65dpvZm51wyOra0XRrU-MV5pJoCUi3taKsvP47q1PqQb2rnWYvYm7jRz5WOUnIGzB8rz8EehRq4nyu_4GVBI2CS41EJl5GAb8dhme8mYwDL0h6DZ1eZ3xg8jYNzurCJrnzXfq1FUlZlaG1N52_8PKAFRmS9iYtrUI6nAJtagnhlVZRzGp_ck.ZfdmHyvs1zAd38CngtgCYcgwR0HBJ4RoOgwDi4YuL5c&dib_tag=se&keywords=hats&qid=1759276708&sprefix=ha%2Caps%2C230&sr=8-7,
Outdoor UPF50+ Mesh Sun Hat Wide Brim Fishing Hat with Neck Flap Sun Hat for Men Women,13.25,,,,False,True,"https://www.amazon.com/Home-Prefer-Outback-Safari-Fishing/dp/B07CPY32PW/ref=sxin_16_pa_sp_search_thematic_sspa?content-id=amzn1.sym.ce3d9a30-5a3e-4a02-8911-43a562e67406:amzn1.sym.ce3d9a30-5a3e-4a02-8911-43a562e67406&crid=3UD0HZDEGZ2PT&cv_ct_cx=hats&keywords=hats&pd_rd_i=B07CPY32PW&pd_rd_r=b0b53c85-1ab9-41e2-9fac-952b3e1d5f46&pd_rd_w=j2tfZ&pd_rd_wg=9aFkd&pf_rd_p=ce3d9a30-5a3e-4a02-8911-43a562e67406&pf_rd_r=1T5873KKW5NJXNA8RH6C&qid=1759276708&sbo=RZvfv//HxDF+O5021pAnSA==&sprefix=ha,aps,230&sr=1-1-e0eb5ce7-1b7f-43d1-bb30-9958efc37ad7-spons&sp_csd=d2lkZ2V0TmFtZT1zcF9zZWFyY2hfdGhlbWF0aWM&psc=1",
Trucker Hat [ Great Outdoors Design ] for Men and Women: Mid Profile Cap with Breathable Mesh Back and Adjustable Snap,29.99,,,,False,False,"https://www.amazon.com/Lindo-Trucker-Hat-Outdoors-Collection/dp/B06WV7411J/ref=sxin_16_pa_sp_search_thematic_sspa?content-id=amzn1.sym.ce3d9a30-5a3e-4a02-8911-43a562e67406:amzn1.sym.ce3d9a30-5a3e-4a02-8911-43a562e67406&crid=3UD0HZDEGZ2PT&cv_ct_cx=hats&keywords=hats&pd_rd_i=B06WV7411J&pd_rd_r=b0b53c85-1ab9-41e2-9fac-952b3e1d5f46&pd_rd_w=j2tfZ&pd_rd_wg=9aFkd&pf_rd_p=ce3d9a30-5a3e-4a02-8911-43a562e67406&pf_rd_r=1T5873KKW5NJXNA8RH6C&qid=1759276708&sbo=RZvfv//HxDF+O5021pAnSA==&sprefix=ha,aps,230&sr=1-2-e0eb5ce7-1b7f-43d1-bb30-9958efc37ad7-spons&sp_csd=d2lkZ2V0TmFtZT1zcF9zZWFyY2hfdGhlbWF0aWM&psc=1",
Unisex Cadet Army Cap Adjustable Flat Top Cap Washed Cotton Military Hat Baseball Cap,12.99,,,,False,False,"https://www.amazon.com/YeeHeen-Unisex-Adjustable-Military-Baseball/dp/B0B52Y57MW/ref=sxin_16_pa_sp_search_thematic_sspa?content-id=amzn1.sym.ce3d9a30-5a3e-4a02-8911-43a562e67406:amzn1.sym.ce3d9a30-5a3e-4a02-8911-43a562e67406&crid=3UD0HZDEGZ2PT&cv_ct_cx=hats&keywords=hats&pd_rd_i=B0B52Y57MW&pd_rd_r=b0b53c85-1ab9-41e2-9fac-952b3e1d5f46&pd_rd_w=j2tfZ&pd_rd_wg=9aFkd&pf_rd_p=ce3d9a30-5a3e-4a02-8911-43a562e67406&pf_rd_r=1T5873KKW5NJXNA8RH6C&qid=1759276708&sbo=RZvfv//HxDF+O5021pAnSA==&sprefix=ha,aps,230&sr=1-3-e0eb5ce7-1b7f-43d1-bb30-9958efc37ad7-spons&sp_csd=d2lkZ2V0TmFtZT1zcF9zZWFyY2hfdGhlbWF0aWM&psc=1",
UPF 50+ Men's Sun Hat Wide Brim Bucket Hat UV Protection Hat for Mens Womens Beach Safari Gardening Golf Fishing,13.49,,,,False,True,"https://www.amazon.com/Home-Prefer-Bucket-Windproof-Fishing/dp/B07SN27YVF/ref=sxin_16_pa_sp_search_thematic_sspa?content-id=amzn1.sym.ce3d9a30-5a3e-4a02-8911-43a562e67406:amzn1.sym.ce3d9a30-5a3e-4a02-8911-43a562e67406&crid=3UD0HZDEGZ2PT&cv_ct_cx=hats&keywords=hats&pd_rd_i=B07SN27YVF&pd_rd_r=b0b53c85-1ab9-41e2-9fac-952b3e1d5f46&pd_rd_w=j2tfZ&pd_rd_wg=9aFkd&pf_rd_p=ce3d9a30-5a3e-4a02-8911-43a562e67406&pf_rd_r=1T5873KKW5NJXNA8RH6C&qid=1759276708&sbo=RZvfv//HxDF+O5021pAnSA==&sprefix=ha,aps,230&sr=1-4-e0eb5ce7-1b7f-43d1-bb30-9958efc37ad7-spons&sp_csd=d2lkZ2V0TmFtZT1zcF9zZWFyY2hfdGhlbWF0aWM&psc=1",
Reflective Folding Outdoor Hat Unstructured Design UPF 50+ Sun Protection Sport Hats for Womens and Mens,12.99,,,,False,False,"https://www.amazon.com/GADIEMKENSD-Adjustable-Reflective-Performance-Lightweight/dp/B0BMFYS141/ref=sxin_16_pa_sp_search_thematic_sspa?content-id=amzn1.sym.ce3d9a30-5a3e-4a02-8911-43a562e67406:amzn1.sym.ce3d9a30-5a3e-4a02-8911-43a562e67406&crid=3UD0HZDEGZ2PT&cv_ct_cx=hats&keywords=hats&pd_rd_i=B0BMFYS141&pd_rd_r=b0b53c85-1ab9-41e2-9fac-952b3e1d5f46&pd_rd_w=j2tfZ&pd_rd_wg=9aFkd&pf_rd_p=ce3d9a30-5a3e-4a02-8911-43a562e67406&pf_rd_r=1T5873KKW5NJXNA8RH6C&qid=1759276708&sbo=RZvfv//HxDF+O5021pAnSA==&sprefix=ha,aps,230&sr=1-5-e0eb5ce7-1b7f-43d1-bb30-9958efc37ad7-spons&sp_csd=d2lkZ2V0TmFtZT1zcF9zZWFyY2hfdGhlbWF0aWM&psc=1",
Men's Golf Cap,26.71,,,,False,False,https://www.amazon.com/Nike-Golf-Dri-Fit-Swoosh-Front/dp/B00CBMSNW2/ref=sr_1_8?crid=3UD0HZDEGZ2PT&dib=eyJ2IjoiMSJ9.rsRuWNAZIB5bJy_6apC1D9w8GVqAJ9TetzuQVaYrdGxRpYfEX2q__cT3x02aZFhXWIjPAUUVfrLxdpUcTZNh-2NFOdWa55d860FdAeQYkbO3U623ZVoeyq_65dpvZm51wyOra0XRrU-MV5pJoCUi3taKsvP47q1PqQb2rnWYvYm7jRz5WOUnIGzB8rz8EehRq4nyu_4GVBI2CS41EJl5GAb8dhme8mYwDL0h6DZ1eZ3xg8jYNzurCJrnzXfq1FUlZlaG1N52_8PKAFRmS9iYtrUI6nAJtagnhlVZRzGp_ck.ZfdmHyvs1zAd38CngtgCYcgwR0HBJ4RoOgwDi4YuL5c&dib_tag=se&keywords=hats&qid=1759276708&sprefix=ha%2Caps%2C230&sr=8-8,
47 Atlanta Braves Ballpark Clean Up Dad Hat Baseball Cap,37.9,,,,False,False,https://www.amazon.com/47-York-Yankees-Clean-Baseball/dp/B0754CB1W7/ref=sr_1_9?crid=3UD0HZDEGZ2PT&dib=eyJ2IjoiMSJ9.rsRuWNAZIB5bJy_6apC1D9w8GVqAJ9TetzuQVaYrdGxRpYfEX2q__cT3x02aZFhXWIjPAUUVfrLxdpUcTZNh-2NFOdWa55d860FdAeQYkbO3U623ZVoeyq_65dpvZm51wyOra0XRrU-MV5pJoCUi3taKsvP47q1PqQb2rnWYvYm7jRz5WOUnIGzB8rz8EehRq4nyu_4GVBI2CS41EJl5GAb8dhme8mYwDL0h6DZ1eZ3xg8jYNzurCJrnzXfq1FUlZlaG1N52_8PKAFRmS9iYtrUI6nAJtagnhlVZRzGp_ck.ZfdmHyvs1zAd38CngtgCYcgwR0HBJ4RoOgwDi4YuL5c&dib_tag=se&keywords=hats&qid=1759276708&sprefix=ha%2Caps%2C230&sr=8-9,
Authentic Fishing & Hunting Mesh Back Trucker Hat - The Ultimate Accessory for Outdoor Activies,16.24,,,,False,False,https://www.amazon.com/Authentic-Fishing-Hunting-Mesh-Trucker/dp/B0DND75M7M/ref=sr_1_10?crid=3UD0HZDEGZ2PT&dib=eyJ2IjoiMSJ9.rsRuWNAZIB5bJy_6apC1D9w8GVqAJ9TetzuQVaYrdGxRpYfEX2q__cT3x02aZFhXWIjPAUUVfrLxdpUcTZNh-2NFOdWa55d860FdAeQYkbO3U623ZVoeyq_65dpvZm51wyOra0XRrU-MV5pJoCUi3taKsvP47q1PqQb2rnWYvYm7jRz5WOUnIGzB8rz8EehRq4nyu_4GVBI2CS41EJl5GAb8dhme8mYwDL0h6DZ1eZ3xg8jYNzurCJrnzXfq1FUlZlaG1N52_8PKAFRmS9iYtrUI6nAJtagnhlVZRzGp_ck.ZfdmHyvs1zAd38CngtgCYcgwR0HBJ4RoOgwDi4YuL5c&dib_tag=se&keywords=hats&qid=1759276708&sprefix=ha%2Caps%2C230&sr=8-10,
Custom Hats Add Photos/Logo/Text to Design Your Personalized Baseball Cap for Men & Women Adjustable,,,,,False,False,"https://www.amazon.com/Personalized-Customize-Baseball-Adjustable-Trucker/dp/B0B1TL9MWZ/ref=sr_1_11_sspa?crid=3UD0HZDEGZ2PT&dib=eyJ2IjoiMSJ9.rsRuWNAZIB5bJy_6apC1D9w8GVqAJ9TetzuQVaYrdGxRpYfEX2q__cT3x02aZFhXWIjPAUUVfrLxdpUcTZNh-2NFOdWa55d860FdAeQYkbO3U623ZVoeyq_65dpvZm51wyOra0XRrU-MV5pJoCUi3taKsvP47q1PqQb2rnWYvYm7jRz5WOUnIGzB8rz8EehRq4nyu_4GVBI2CS41EJl5GAb8dhme8mYwDL0h6DZ1eZ3xg8jYNzurCJrnzXfq1FUlZlaG1N52_8PKAFRmS9iYtrUI6nAJtagnhlVZRzGp_ck.ZfdmHyvs1zAd38CngtgCYcgwR0HBJ4RoOgwDi4YuL5c&dib_tag=se&keywords=hats&qid=1759276708&sprefix=ha,aps,230&sr=8-11-spons&sp_csd=d2lkZ2V0TmFtZT1zcF9tdGY&psc=1",
Unisex Cadet Army Cap Adjustable Flat Top Cap Washed Cotton Military Hat Baseball Cap,12.99,,,,False,False,"https://www.amazon.com/YeeHeen-Unisex-Adjustable-Military-Baseball/dp/B0B52Y57MW/ref=sr_1_12_sspa?crid=3UD0HZDEGZ2PT&dib=eyJ2IjoiMSJ9.rsRuWNAZIB5bJy_6apC1D9w8GVqAJ9TetzuQVaYrdGxRpYfEX2q__cT3x02aZFhXWIjPAUUVfrLxdpUcTZNh-2NFOdWa55d860FdAeQYkbO3U623ZVoeyq_65dpvZm51wyOra0XRrU-MV5pJoCUi3taKsvP47q1PqQb2rnWYvYm7jRz5WOUnIGzB8rz8EehRq4nyu_4GVBI2CS41EJl5GAb8dhme8mYwDL0h6DZ1eZ3xg8jYNzurCJrnzXfq1FUlZlaG1N52_8PKAFRmS9iYtrUI6nAJtagnhlVZRzGp_ck.ZfdmHyvs1zAd38CngtgCYcgwR0HBJ4RoOgwDi4YuL5c&dib_tag=se&keywords=hats&qid=1759276708&sprefix=ha,aps,230&sr=8-12-spons&sp_csd=d2lkZ2V0TmFtZT1zcF9tdGY&psc=1",
Cadet Army Cap for Men Women Military Adjustable Unisex Flat Top Hat,12.95,,,,False,False,"https://www.amazon.com/Cadet-Women-Military-Adjustable-Unisex/dp/B0F1SYTYSW/ref=sr_1_13_sspa?crid=3UD0HZDEGZ2PT&dib=eyJ2IjoiMSJ9.rsRuWNAZIB5bJy_6apC1D9w8GVqAJ9TetzuQVaYrdGxRpYfEX2q__cT3x02aZFhXWIjPAUUVfrLxdpUcTZNh-2NFOdWa55d860FdAeQYkbO3U623ZVoeyq_65dpvZm51wyOra0XRrU-MV5pJoCUi3taKsvP47q1PqQb2rnWYvYm7jRz5WOUnIGzB8rz8EehRq4nyu_4GVBI2CS41EJl5GAb8dhme8mYwDL0h6DZ1eZ3xg8jYNzurCJrnzXfq1FUlZlaG1N52_8PKAFRmS9iYtrUI6nAJtagnhlVZRzGp_ck.ZfdmHyvs1zAd38CngtgCYcgwR0HBJ4RoOgwDi4YuL5c&dib_tag=se&keywords=hats&qid=1759276708&sprefix=ha,aps,230&sr=8-13-spons&sp_csd=d2lkZ2V0TmFtZT1zcF9tdGY&psc=1",
"Fashion Beanie for Men Beanies Women,Warm Winter Hats for Men Embroidery Unisex Knit Hat Skull Cap",8.99,,,,False,False,"https://www.amazon.com/CSXYZWK-Beanie-Fashion-Embroidery-Knitted/dp/B0DDP9WS3B/ref=sr_1_14_sspa?crid=3UD0HZDEGZ2PT&dib=eyJ2IjoiMSJ9.rsRuWNAZIB5bJy_6apC1D9w8GVqAJ9TetzuQVaYrdGxRpYfEX2q__cT3x02aZFhXWIjPAUUVfrLxdpUcTZNh-2NFOdWa55d860FdAeQYkbO3U623ZVoeyq_65dpvZm51wyOra0XRrU-MV5pJoCUi3taKsvP47q1PqQb2rnWYvYm7jRz5WOUnIGzB8rz8EehRq4nyu_4GVBI2CS41EJl5GAb8dhme8mYwDL0h6DZ1eZ3xg8jYNzurCJrnzXfq1FUlZlaG1N52_8PKAFRmS9iYtrUI6nAJtagnhlVZRzGp_ck.ZfdmHyvs1zAd38CngtgCYcgwR0HBJ4RoOgwDi4YuL5c&dib_tag=se&keywords=hats&qid=1759276708&sprefix=ha,aps,230&sr=8-14-spons&sp_csd=d2lkZ2V0TmFtZT1zcF9tdGY&psc=1",
American Flag Embroidery Dad Hat - Soft Washed Cotton USA Army Tactical Operator Military for Men Women,17.99,,,,False,False,https://www.amazon.com/OUTDOOR-SHAPING-American-Flag-Embroidery/dp/B0FDQ738CM/ref=sr_1_15?crid=3UD0HZDEGZ2PT&dib=eyJ2IjoiMSJ9.rsRuWNAZIB5bJy_6apC1D9w8GVqAJ9TetzuQVaYrdGxRpYfEX2q__cT3x02aZFhXWIjPAUUVfrLxdpUcTZNh-2NFOdWa55d860FdAeQYkbO3U623ZVoeyq_65dpvZm51wyOra0XRrU-MV5pJoCUi3taKsvP47q1PqQb2rnWYvYm7jRz5WOUnIGzB8rz8EehRq4nyu_4GVBI2CS41EJl5GAb8dhme8mYwDL0h6DZ1eZ3xg8jYNzurCJrnzXfq1FUlZlaG1N52_8PKAFRmS9iYtrUI6nAJtagnhlVZRzGp_ck.ZfdmHyvs1zAd38CngtgCYcgwR0HBJ4RoOgwDi4YuL5c&dib_tag=se&keywords=hats&qid=1759276708&sprefix=ha%2Caps%2C230&sr=8-15,
NBA Men's 9Fifty Snapback Cap,31.63,,,,False,False,https://www.amazon.com/New-Era-Yankees-9FIFTY-Snapback/dp/B07FDRHFWM/ref=sr_1_16?crid=3UD0HZDEGZ2PT&dib=eyJ2IjoiMSJ9.rsRuWNAZIB5bJy_6apC1D9w8GVqAJ9TetzuQVaYrdGxRpYfEX2q__cT3x02aZFhXWIjPAUUVfrLxdpUcTZNh-2NFOdWa55d860FdAeQYkbO3U623ZVoeyq_65dpvZm51wyOra0XRrU-MV5pJoCUi3taKsvP47q1PqQb2rnWYvYm7jRz5WOUnIGzB8rz8EehRq4nyu_4GVBI2CS41EJl5GAb8dhme8mYwDL0h6DZ1eZ3xg8jYNzurCJrnzXfq1FUlZlaG1N52_8PKAFRmS9iYtrUI6nAJtagnhlVZRzGp_ck.ZfdmHyvs1zAd38CngtgCYcgwR0HBJ4RoOgwDi4YuL5c&dib_tag=se&keywords=hats&qid=1759276708&sprefix=ha%2Caps%2C230&sr=8-16,
"Men's YP Classic Trucker Cap, OSFA",10.29,,,,False,False,https://www.amazon.com/Yupoong-Classics-Retro-Trucker-Black/dp/B0C4Z96RCS/ref=sr_1_17?crid=3UD0HZDEGZ2PT&dib=eyJ2IjoiMSJ9.rsRuWNAZIB5bJy_6apC1D9w8GVqAJ9TetzuQVaYrdGxRpYfEX2q__cT3x02aZFhXWIjPAUUVfrLxdpUcTZNh-2NFOdWa55d860FdAeQYkbO3U623ZVoeyq_65dpvZm51wyOra0XRrU-MV5pJoCUi3taKsvP47q1PqQb2rnWYvYm7jRz5WOUnIGzB8rz8EehRq4nyu_4GVBI2CS41EJl5GAb8dhme8mYwDL0h6DZ1eZ3xg8jYNzurCJrnzXfq1FUlZlaG1N52_8PKAFRmS9iYtrUI6nAJtagnhlVZRzGp_ck.ZfdmHyvs1zAd38CngtgCYcgwR0HBJ4RoOgwDi4YuL5c&dib_tag=se&keywords=hats&qid=1759276708&sprefix=ha%2Caps%2C230&sr=8-17,
Mens Trucker Hat Structured Mesh Baseball Cap Adjustable Classic Mens Hat,16.14,,,,False,True,https://www.amazon.com/FURTALK-Trucker-Structured-Baseball-Adjustable/dp/B0DTDQZGMK/ref=sr_1_18?crid=3UD0HZDEGZ2PT&dib=eyJ2IjoiMSJ9.rsRuWNAZIB5bJy_6apC1D9w8GVqAJ9TetzuQVaYrdGxRpYfEX2q__cT3x02aZFhXWIjPAUUVfrLxdpUcTZNh-2NFOdWa55d860FdAeQYkbO3U623ZVoeyq_65dpvZm51wyOra0XRrU-MV5pJoCUi3taKsvP47q1PqQb2rnWYvYm7jRz5WOUnIGzB8rz8EehRq4nyu_4GVBI2CS41EJl5GAb8dhme8mYwDL0h6DZ1eZ3xg8jYNzurCJrnzXfq1FUlZlaG1N52_8PKAFRmS9iYtrUI6nAJtagnhlVZRzGp_ck.ZfdmHyvs1zAd38CngtgCYcgwR0HBJ4RoOgwDi4YuL5c&dib_tag=se&keywords=hats&qid=1759276708&sprefix=ha%2Caps%2C230&sr=8-18,
"Birthday Gifts for Him Her, Unique Ideal Gifts Cap for Men Women, Vintage Hat Baseball Cap",19.99,,,,False,False,"https://www.amazon.com/Rybicag-Birthday-Gifts-Women-Vintage/dp/B0D7C4CRSW/ref=sr_1_19_sspa?crid=3UD0HZDEGZ2PT&dib=eyJ2IjoiMSJ9.rsRuWNAZIB5bJy_6apC1D9w8GVqAJ9TetzuQVaYrdGxRpYfEX2q__cT3x02aZFhXWIjPAUUVfrLxdpUcTZNh-2NFOdWa55d860FdAeQYkbO3U623ZVoeyq_65dpvZm51wyOra0XRrU-MV5pJoCUi3taKsvP47q1PqQb2rnWYvYm7jRz5WOUnIGzB8rz8EehRq4nyu_4GVBI2CS41EJl5GAb8dhme8mYwDL0h6DZ1eZ3xg8jYNzurCJrnzXfq1FUlZlaG1N52_8PKAFRmS9iYtrUI6nAJtagnhlVZRzGp_ck.ZfdmHyvs1zAd38CngtgCYcgwR0HBJ4RoOgwDi4YuL5c&dib_tag=se&keywords=hats&qid=1759276708&sprefix=ha,aps,230&sr=8-19-spons&sp_csd=d2lkZ2V0TmFtZT1zcF9tdGY&psc=1",
Custom Trucker Leather Patch Hat Laser Engraved,,,,,False,False,"https://www.amazon.com/Custom-Trucker-Leather-Patch-Engraved/dp/B09Y619V2J/ref=sr_1_20_sspa?crid=3UD0HZDEGZ2PT&dib=eyJ2IjoiMSJ9.rsRuWNAZIB5bJy_6apC1D9w8GVqAJ9TetzuQVaYrdGxRpYfEX2q__cT3x02aZFhXWIjPAUUVfrLxdpUcTZNh-2NFOdWa55d860FdAeQYkbO3U623ZVoeyq_65dpvZm51wyOra0XRrU-MV5pJoCUi3taKsvP47q1PqQb2rnWYvYm7jRz5WOUnIGzB8rz8EehRq4nyu_4GVBI2CS41EJl5GAb8dhme8mYwDL0h6DZ1eZ3xg8jYNzurCJrnzXfq1FUlZlaG1N52_8PKAFRmS9iYtrUI6nAJtagnhlVZRzGp_ck.ZfdmHyvs1zAd38CngtgCYcgwR0HBJ4RoOgwDi4YuL5c&dib_tag=se&keywords=hats&qid=1759276708&sprefix=ha,aps,230&sr=8-20-spons&sp_csd=d2lkZ2V0TmFtZT1zcF9tdGY&psc=1",
Vintage 1944 1943 1942 1941 1940 1939 1938 1937 1936 1935 Limited Edition Adjustable Embroidered Baseball Cap,19.99,,,,False,False,"https://www.amazon.com/Birthday-Decorations-Baseball-Retirement-Retirees/dp/B0DCVTP4Z6/ref=sr_1_21_sspa?crid=3UD0HZDEGZ2PT&dib=eyJ2IjoiMSJ9.rsRuWNAZIB5bJy_6apC1D9w8GVqAJ9TetzuQVaYrdGxRpYfEX2q__cT3x02aZFhXWIjPAUUVfrLxdpUcTZNh-2NFOdWa55d860FdAeQYkbO3U623ZVoeyq_65dpvZm51wyOra0XRrU-MV5pJoCUi3taKsvP47q1PqQb2rnWYvYm7jRz5WOUnIGzB8rz8EehRq4nyu_4GVBI2CS41EJl5GAb8dhme8mYwDL0h6DZ1eZ3xg8jYNzurCJrnzXfq1FUlZlaG1N52_8PKAFRmS9iYtrUI6nAJtagnhlVZRzGp_ck.ZfdmHyvs1zAd38CngtgCYcgwR0HBJ4RoOgwDi4YuL5c&dib_tag=se&keywords=hats&qid=1759276708&sprefix=ha,aps,230&sr=8-21-spons&sp_csd=d2lkZ2V0TmFtZT1zcF9tdGY&psc=1",
Custom Leather Patch Trucker Hat - Personalized Baseball Caps - Adjustable Custom Hats for Men & Women,,,,,False,False,"https://www.amazon.com/Custom-Leather-Patch-Trucker-Hat/dp/B0DCNBHD9D/ref=sr_1_22_sspa?crid=3UD0HZDEGZ2PT&dib=eyJ2IjoiMSJ9.rsRuWNAZIB5bJy_6apC1D9w8GVqAJ9TetzuQVaYrdGxRpYfEX2q__cT3x02aZFhXWIjPAUUVfrLxdpUcTZNh-2NFOdWa55d860FdAeQYkbO3U623ZVoeyq_65dpvZm51wyOra0XRrU-MV5pJoCUi3taKsvP47q1PqQb2rnWYvYm7jRz5WOUnIGzB8rz8EehRq4nyu_4GVBI2CS41EJl5GAb8dhme8mYwDL0h6DZ1eZ3xg8jYNzurCJrnzXfq1FUlZlaG1N52_8PKAFRmS9iYtrUI6nAJtagnhlVZRzGp_ck.ZfdmHyvs1zAd38CngtgCYcgwR0HBJ4RoOgwDi4YuL5c&dib_tag=se&keywords=hats&qid=1759276708&sprefix=ha,aps,230&sr=8-22-spons&sp_csd=d2lkZ2V0TmFtZT1zcF9tdGY&psc=1",
Men's Cotton Canvas Cap,19.97,,,,False,False,https://www.amazon.com/Carhartt-100289-211-Canvas-Baseball-Cap/dp/B00B354UUC/ref=sr_1_23?crid=3UD0HZDEGZ2PT&dib=eyJ2IjoiMSJ9.rsRuWNAZIB5bJy_6apC1D9w8GVqAJ9TetzuQVaYrdGxRpYfEX2q__cT3x02aZFhXWIjPAUUVfrLxdpUcTZNh-2NFOdWa55d860FdAeQYkbO3U623ZVoeyq_65dpvZm51wyOra0XRrU-MV5pJoCUi3taKsvP47q1PqQb2rnWYvYm7jRz5WOUnIGzB8rz8EehRq4nyu_4GVBI2CS41EJl5GAb8dhme8mYwDL0h6DZ1eZ3xg8jYNzurCJrnzXfq1FUlZlaG1N52_8PKAFRmS9iYtrUI6nAJtagnhlVZRzGp_ck.ZfdmHyvs1zAd38CngtgCYcgwR0HBJ4RoOgwDi4YuL5c&dib_tag=se&keywords=hats&qid=1759276708&sprefix=ha%2Caps%2C230&sr=8-23,
Baseball Cap Adjustable Size for Running Workouts and Outdoor Activities All Seasons,8.5,,,,False,False,https://www.amazon.com/Falari-Baseball-Adjustable-Solid-G001-01-Black/dp/B074CN1RF8/ref=sr_1_24?crid=3UD0HZDEGZ2PT&dib=eyJ2IjoiMSJ9.rsRuWNAZIB5bJy_6apC1D9w8GVqAJ9TetzuQVaYrdGxRpYfEX2q__cT3x02aZFhXWIjPAUUVfrLxdpUcTZNh-2NFOdWa55d860FdAeQYkbO3U623ZVoeyq_65dpvZm51wyOra0XRrU-MV5pJoCUi3taKsvP47q1PqQb2rnWYvYm7jRz5WOUnIGzB8rz8EehRq4nyu_4GVBI2CS41EJl5GAb8dhme8mYwDL0h6DZ1eZ3xg8jYNzurCJrnzXfq1FUlZlaG1N52_8PKAFRmS9iYtrUI6nAJtagnhlVZRzGp_ck.ZfdmHyvs1zAd38CngtgCYcgwR0HBJ4RoOgwDi4YuL5c&dib_tag=se&keywords=hats&qid=1759276708&sprefix=ha%2Caps%2C230&sr=8-24,
"Brand MLB New York Yankees Branson Cap B-BRANS17CTP, Unisex",29.99,,,,False,False,https://www.amazon.com/47-Khaki-Clean-Adjustable-Yankees/dp/B07YQ5ZVPJ/ref=sr_1_25?crid=3UD0HZDEGZ2PT&dib=eyJ2IjoiMSJ9.rsRuWNAZIB5bJy_6apC1D9w8GVqAJ9TetzuQVaYrdGxRpYfEX2q__cT3x02aZFhXWIjPAUUVfrLxdpUcTZNh-2NFOdWa55d860FdAeQYkbO3U623ZVoeyq_65dpvZm51wyOra0XRrU-MV5pJoCUi3taKsvP47q1PqQb2rnWYvYm7jRz5WOUnIGzB8rz8EehRq4nyu_4GVBI2CS41EJl5GAb8dhme8mYwDL0h6DZ1eZ3xg8jYNzurCJrnzXfq1FUlZlaG1N52_8PKAFRmS9iYtrUI6nAJtagnhlVZRzGp_ck.ZfdmHyvs1zAd38CngtgCYcgwR0HBJ4RoOgwDi4YuL5c&dib_tag=se&keywords=hats&qid=1759276708&sprefix=ha%2Caps%2C230&sr=8-25,
Baseball Cap Golf Dad Hat Adjustable Original Classic Low Profile Cotton Hat Unconstructed Plain Cap Men Women,6.75,,,,False,True,https://www.amazon.com/NPJY-Vintage-Distressed-Baseball-Adjustable/dp/B0C5JTMSCM/ref=sr_1_26?crid=3UD0HZDEGZ2PT&dib=eyJ2IjoiMSJ9.rsRuWNAZIB5bJy_6apC1D9w8GVqAJ9TetzuQVaYrdGxRpYfEX2q__cT3x02aZFhXWIjPAUUVfrLxdpUcTZNh-2NFOdWa55d860FdAeQYkbO3U623ZVoeyq_65dpvZm51wyOra0XRrU-MV5pJoCUi3taKsvP47q1PqQb2rnWYvYm7jRz5WOUnIGzB8rz8EehRq4nyu_4GVBI2CS41EJl5GAb8dhme8mYwDL0h6DZ1eZ3xg8jYNzurCJrnzXfq1FUlZlaG1N52_8PKAFRmS9iYtrUI6nAJtagnhlVZRzGp_ck.ZfdmHyvs1zAd38CngtgCYcgwR0HBJ4RoOgwDi4YuL5c&dib_tag=se&keywords=hats&qid=1759276708&sprefix=ha%2Caps%2C230&sr=8-26,
Womens Mens Wide Brim Straw Panama Hat Fedora Summer Beach Sun Hats UPF Straw Hat for Women,25.99,,,,False,False,https://www.amazon.com/Summer-Panama-Straw-Fedora-Beach/dp/B07BNNNSX5/ref=sr_1_27?crid=3UD0HZDEGZ2PT&dib=eyJ2IjoiMSJ9.rsRuWNAZIB5bJy_6apC1D9w8GVqAJ9TetzuQVaYrdGxRpYfEX2q__cT3x02aZFhXWIjPAUUVfrLxdpUcTZNh-2NFOdWa55d860FdAeQYkbO3U623ZVoeyq_65dpvZm51wyOra0XRrU-MV5pJoCUi3taKsvP47q1PqQb2rnWYvYm7jRz5WOUnIGzB8rz8EehRq4nyu_4GVBI2CS41EJl5GAb8dhme8mYwDL0h6DZ1eZ3xg8jYNzurCJrnzXfq1FUlZlaG1N52_8PKAFRmS9iYtrUI6nAJtagnhlVZRzGp_ck.ZfdmHyvs1zAd38CngtgCYcgwR0HBJ4RoOgwDi4YuL5c&dib_tag=se&keywords=hats&qid=1759276708&sprefix=ha%2Caps%2C230&sr=8-27,
mens Snapback,32.95,,,,False,False,https://www.amazon.com/New-Era-Adjustable-Snapback-Angeles/dp/B0BW9XX75V/ref=sr_1_28?crid=3UD0HZDEGZ2PT&dib=eyJ2IjoiMSJ9.rsRuWNAZIB5bJy_6apC1D9w8GVqAJ9TetzuQVaYrdGxRpYfEX2q__cT3x02aZFhXWIjPAUUVfrLxdpUcTZNh-2NFOdWa55d860FdAeQYkbO3U623ZVoeyq_65dpvZm51wyOra0XRrU-MV5pJoCUi3taKsvP47q1PqQb2rnWYvYm7jRz5WOUnIGzB8rz8EehRq4nyu_4GVBI2CS41EJl5GAb8dhme8mYwDL0h6DZ1eZ3xg8jYNzurCJrnzXfq1FUlZlaG1N52_8PKAFRmS9iYtrUI6nAJtagnhlVZRzGp_ck.ZfdmHyvs1zAd38CngtgCYcgwR0HBJ4RoOgwDi4YuL5c&dib_tag=se&keywords=hats&qid=1759276708&sprefix=ha%2Caps%2C230&sr=8-28,
MLB Khaki Core Classic 9TWENTY Adjustable Hat Cap One Size Fits All,27.99,,,,False,False,https://www.amazon.com/New-Era-Classic-9TWENTY-Adjustable/dp/B0BS1PGNKW/ref=sr_1_29?crid=3UD0HZDEGZ2PT&dib=eyJ2IjoiMSJ9.rsRuWNAZIB5bJy_6apC1D9w8GVqAJ9TetzuQVaYrdGxRpYfEX2q__cT3x02aZFhXWIjPAUUVfrLxdpUcTZNh-2NFOdWa55d860FdAeQYkbO3U623ZVoeyq_65dpvZm51wyOra0XRrU-MV5pJoCUi3taKsvP47q1PqQb2rnWYvYm7jRz5WOUnIGzB8rz8EehRq4nyu_4GVBI2CS41EJl5GAb8dhme8mYwDL0h6DZ1eZ3xg8jYNzurCJrnzXfq1FUlZlaG1N52_8PKAFRmS9iYtrUI6nAJtagnhlVZRzGp_ck.ZfdmHyvs1zAd38CngtgCYcgwR0HBJ4RoOgwDi4YuL5c&dib_tag=se&keywords=hats&qid=1759276708&sprefix=ha%2Caps%2C230&sr=8-29,
New York Yankees Adjustable Cap Clean Up MLB,34.99,,,,False,False,https://www.amazon.com/47-Brand-York-Yankees-Clean/dp/B01FXPG1UO/ref=sr_1_30?crid=3UD0HZDEGZ2PT&dib=eyJ2IjoiMSJ9.rsRuWNAZIB5bJy_6apC1D9w8GVqAJ9TetzuQVaYrdGxRpYfEX2q__cT3x02aZFhXWIjPAUUVfrLxdpUcTZNh-2NFOdWa55d860FdAeQYkbO3U623ZVoeyq_65dpvZm51wyOra0XRrU-MV5pJoCUi3taKsvP47q1PqQb2rnWYvYm7jRz5WOUnIGzB8rz8EehRq4nyu_4GVBI2CS41EJl5GAb8dhme8mYwDL0h6DZ1eZ3xg8jYNzurCJrnzXfq1FUlZlaG1N52_8PKAFRmS9iYtrUI6nAJtagnhlVZRzGp_ck.ZfdmHyvs1zAd38CngtgCYcgwR0HBJ4RoOgwDi4YuL5c&dib_tag=se&keywords=hats&qid=1759276708&sprefix=ha%2Caps%2C230&sr=8-30,
Men Flat Brim Adjustable Performance Hat Snapback Laser Perforated Baseball Cap,,,,,False,False,https://www.amazon.com/FEINION-Baseball-Adjustable-Performance-Perforated/dp/B0CWZYSCZY/ref=sr_1_31?crid=3UD0HZDEGZ2PT&dib=eyJ2IjoiMSJ9.rsRuWNAZIB5bJy_6apC1D9w8GVqAJ9TetzuQVaYrdGxRpYfEX2q__cT3x02aZFhXWIjPAUUVfrLxdpUcTZNh-2NFOdWa55d860FdAeQYkbO3U623ZVoeyq_65dpvZm51wyOra0XRrU-MV5pJoCUi3taKsvP47q1PqQb2rnWYvYm7jRz5WOUnIGzB8rz8EehRq4nyu_4GVBI2CS41EJl5GAb8dhme8mYwDL0h6DZ1eZ3xg8jYNzurCJrnzXfq1FUlZlaG1N52_8PKAFRmS9iYtrUI6nAJtagnhlVZRzGp_ck.ZfdmHyvs1zAd38CngtgCYcgwR0HBJ4RoOgwDi4YuL5c&dib_tag=se&keywords=hats&qid=1759276708&sprefix=ha%2Caps%2C230&sr=8-31,
Sun Hats for Men Women Bucket Hat UPF 50+ Boonie Hat Foldable UV Protection Hiking Beach Fishing Summer Safari,8.54,,,,False,False,https://www.amazon.com/Bucket-Foldable-Protection-Fishing-1pack-Beige/dp/B0BNPD4SMJ/ref=sr_1_32?crid=3UD0HZDEGZ2PT&dib=eyJ2IjoiMSJ9.rsRuWNAZIB5bJy_6apC1D9w8GVqAJ9TetzuQVaYrdGxRpYfEX2q__cT3x02aZFhXWIjPAUUVfrLxdpUcTZNh-2NFOdWa55d860FdAeQYkbO3U623ZVoeyq_65dpvZm51wyOra0XRrU-MV5pJoCUi3taKsvP47q1PqQb2rnWYvYm7jRz5WOUnIGzB8rz8EehRq4nyu_4GVBI2CS41EJl5GAb8dhme8mYwDL0h6DZ1eZ3xg8jYNzurCJrnzXfq1FUlZlaG1N52_8PKAFRmS9iYtrUI6nAJtagnhlVZRzGp_ck.ZfdmHyvs1zAd38CngtgCYcgwR0HBJ4RoOgwDi4YuL5c&dib_tag=se&keywords=hats&qid=1759276708&sprefix=ha%2Caps%2C230&sr=8-32,
Wholesale Bulk Lot 12-Pack Baseball Cap Adjustable Size Plain Blank Solid Color,29.99,,,,False,False,https://www.amazon.com/Wholesale-12-Pack-Baseball-Adjustable-Plain/dp/B0CM8DFXV3/ref=sr_1_33?crid=3UD0HZDEGZ2PT&dib=eyJ2IjoiMSJ9.rsRuWNAZIB5bJy_6apC1D9w8GVqAJ9TetzuQVaYrdGxRpYfEX2q__cT3x02aZFhXWIjPAUUVfrLxdpUcTZNh-2NFOdWa55d860FdAeQYkbO3U623ZVoeyq_65dpvZm51wyOra0XRrU-MV5pJoCUi3taKsvP47q1PqQb2rnWYvYm7jRz5WOUnIGzB8rz8EehRq4nyu_4GVBI2CS41EJl5GAb8dhme8mYwDL0h6DZ1eZ3xg8jYNzurCJrnzXfq1FUlZlaG1N52_8PKAFRmS9iYtrUI6nAJtagnhlVZRzGp_ck.ZfdmHyvs1zAd38CngtgCYcgwR0HBJ4RoOgwDi4YuL5c&dib_tag=se&keywords=hats&qid=1759276708&sprefix=ha%2Caps%2C230&sr=8-33,
Classic Cotton Adjustable Low Crown Cotton Baseball Cap,10.99,,,,False,False,https://www.amazon.com/KB-Low-Classic-Adjustable-Profile-Unstructured/dp/B00IELAW28/ref=sr_1_34?crid=3UD0HZDEGZ2PT&dib=eyJ2IjoiMSJ9.rsRuWNAZIB5bJy_6apC1D9w8GVqAJ9TetzuQVaYrdGxRpYfEX2q__cT3x02aZFhXWIjPAUUVfrLxdpUcTZNh-2NFOdWa55d860FdAeQYkbO3U623ZVoeyq_65dpvZm51wyOra0XRrU-MV5pJoCUi3taKsvP47q1PqQb2rnWYvYm7jRz5WOUnIGzB8rz8EehRq4nyu_4GVBI2CS41EJl5GAb8dhme8mYwDL0h6DZ1eZ3xg8jYNzurCJrnzXfq1FUlZlaG1N52_8PKAFRmS9iYtrUI6nAJtagnhlVZRzGp_ck.ZfdmHyvs1zAd38CngtgCYcgwR0HBJ4RoOgwDi4YuL5c&dib_tag=se&keywords=hats&qid=1759276708&sprefix=ha%2Caps%2C230&sr=8-34,
"Brand MLB Black Black Primary Logo Clean Up Adjustable Baseball Cap Hat, Adult One Size Fits All",34.99,,,,False,False,https://www.amazon.com/47-Black-Clean-Adjustable-Yankees/dp/B0C6N8XBJB/ref=sr_1_35?crid=3UD0HZDEGZ2PT&dib=eyJ2IjoiMSJ9.rsRuWNAZIB5bJy_6apC1D9w8GVqAJ9TetzuQVaYrdGxRpYfEX2q__cT3x02aZFhXWIjPAUUVfrLxdpUcTZNh-2NFOdWa55d860FdAeQYkbO3U623ZVoeyq_65dpvZm51wyOra0XRrU-MV5pJoCUi3taKsvP47q1PqQb2rnWYvYm7jRz5WOUnIGzB8rz8EehRq4nyu_4GVBI2CS41EJl5GAb8dhme8mYwDL0h6DZ1eZ3xg8jYNzurCJrnzXfq1FUlZlaG1N52_8PKAFRmS9iYtrUI6nAJtagnhlVZRzGp_ck.ZfdmHyvs1zAd38CngtgCYcgwR0HBJ4RoOgwDi4YuL5c&dib_tag=se&keywords=hats&qid=1759276708&sprefix=ha%2Caps%2C230&sr=8-35,
NBA Men's 9Fifty Snapback Cap,28.0,,,,False,False,https://www.amazon.com/New-Era-Angeles-Dodgers-Snapback/dp/B07CZ3DTP1/ref=sr_1_36?crid=3UD0HZDEGZ2PT&dib=eyJ2IjoiMSJ9.rsRuWNAZIB5bJy_6apC1D9w8GVqAJ9TetzuQVaYrdGxRpYfEX2q__cT3x02aZFhXWIjPAUUVfrLxdpUcTZNh-2NFOdWa55d860FdAeQYkbO3U623ZVoeyq_65dpvZm51wyOra0XRrU-MV5pJoCUi3taKsvP47q1PqQb2rnWYvYm7jRz5WOUnIGzB8rz8EehRq4nyu_4GVBI2CS41EJl5GAb8dhme8mYwDL0h6DZ1eZ3xg8jYNzurCJrnzXfq1FUlZlaG1N52_8PKAFRmS9iYtrUI6nAJtagnhlVZRzGp_ck.ZfdmHyvs1zAd38CngtgCYcgwR0HBJ4RoOgwDi4YuL5c&dib_tag=se&keywords=hats&qid=1759276708&sprefix=ha%2Caps%2C230&sr=8-36,
Men's California HWY Trucker Hat,18.04,,,,False,False,https://www.amazon.com/Rip-Curl-Mens-California-Trucker/dp/B0DGRDLCMQ/ref=sr_1_37?crid=3UD0HZDEGZ2PT&dib=eyJ2IjoiMSJ9.rsRuWNAZIB5bJy_6apC1D9w8GVqAJ9TetzuQVaYrdGxRpYfEX2q__cT3x02aZFhXWIjPAUUVfrLxdpUcTZNh-2NFOdWa55d860FdAeQYkbO3U623ZVoeyq_65dpvZm51wyOra0XRrU-MV5pJoCUi3taKsvP47q1PqQb2rnWYvYm7jRz5WOUnIGzB8rz8EehRq4nyu_4GVBI2CS41EJl5GAb8dhme8mYwDL0h6DZ1eZ3xg8jYNzurCJrnzXfq1FUlZlaG1N52_8PKAFRmS9iYtrUI6nAJtagnhlVZRzGp_ck.ZfdmHyvs1zAd38CngtgCYcgwR0HBJ4RoOgwDi4YuL5c&dib_tag=se&keywords=hats&qid=1759276708&sprefix=ha%2Caps%2C230&sr=8-37,
Men's Cotton Flat Ivy Gatsby Newsboy Driving Hat Cap,12.99,,,,False,False,https://www.amazon.com/VOBOOM-Cotton-Newsboy-Driving-Style2-Black/dp/B07924BTJV/ref=sr_1_38?crid=3UD0HZDEGZ2PT&dib=eyJ2IjoiMSJ9.rsRuWNAZIB5bJy_6apC1D9w8GVqAJ9TetzuQVaYrdGxRpYfEX2q__cT3x02aZFhXWIjPAUUVfrLxdpUcTZNh-2NFOdWa55d860FdAeQYkbO3U623ZVoeyq_65dpvZm51wyOra0XRrU-MV5pJoCUi3taKsvP47q1PqQb2rnWYvYm7jRz5WOUnIGzB8rz8EehRq4nyu_4GVBI2CS41EJl5GAb8dhme8mYwDL0h6DZ1eZ3xg8jYNzurCJrnzXfq1FUlZlaG1N52_8PKAFRmS9iYtrUI6nAJtagnhlVZRzGp_ck.ZfdmHyvs1zAd38CngtgCYcgwR0HBJ4RoOgwDi4YuL5c&dib_tag=se&keywords=hats&qid=1759276708&sprefix=ha%2Caps%2C230&sr=8-38,
Men's Storm Launch Beanie,28.0,,,,False,False,https://www.amazon.com/Under-Armour-Standard-Launch-Reflective/dp/B0BGWH2FDM/ref=sr_1_39?crid=3UD0HZDEGZ2PT&dib=eyJ2IjoiMSJ9.rsRuWNAZIB5bJy_6apC1D9w8GVqAJ9TetzuQVaYrdGxRpYfEX2q__cT3x02aZFhXWIjPAUUVfrLxdpUcTZNh-2NFOdWa55d860FdAeQYkbO3U623ZVoeyq_65dpvZm51wyOra0XRrU-MV5pJoCUi3taKsvP47q1PqQb2rnWYvYm7jRz5WOUnIGzB8rz8EehRq4nyu_4GVBI2CS41EJl5GAb8dhme8mYwDL0h6DZ1eZ3xg8jYNzurCJrnzXfq1FUlZlaG1N52_8PKAFRmS9iYtrUI6nAJtagnhlVZRzGp_ck.ZfdmHyvs1zAd38CngtgCYcgwR0HBJ4RoOgwDi4YuL5c&dib_tag=se&keywords=hats&qid=1759276708&sprefix=ha%2Caps%2C230&sr=8-39,
Mens Hat – Phantom Flexfit Fitted Baseball Cap,29.99,,,,False,False,https://www.amazon.com/Hurley-Mens-Utility-Black-L/dp/B096WBLLN7/ref=sr_1_40?crid=3UD0HZDEGZ2PT&dib=eyJ2IjoiMSJ9.rsRuWNAZIB5bJy_6apC1D9w8GVqAJ9TetzuQVaYrdGxRpYfEX2q__cT3x02aZFhXWIjPAUUVfrLxdpUcTZNh-2NFOdWa55d860FdAeQYkbO3U623ZVoeyq_65dpvZm51wyOra0XRrU-MV5pJoCUi3taKsvP47q1PqQb2rnWYvYm7jRz5WOUnIGzB8rz8EehRq4nyu_4GVBI2CS41EJl5GAb8dhme8mYwDL0h6DZ1eZ3xg8jYNzurCJrnzXfq1FUlZlaG1N52_8PKAFRmS9iYtrUI6nAJtagnhlVZRzGp_ck.ZfdmHyvs1zAd38CngtgCYcgwR0HBJ4RoOgwDi4YuL5c&dib_tag=se&keywords=hats&qid=1759276708&sprefix=ha%2Caps%2C230&sr=8-40,
Men's Blitzing Cap Stretch Fit,28.0,,,,False,False,https://www.amazon.com/Under-Armour-Standard-Blitzing-Stretch/dp/B09WCXWZ68/ref=sr_1_41?crid=3UD0HZDEGZ2PT&dib=eyJ2IjoiMSJ9.rsRuWNAZIB5bJy_6apC1D9w8GVqAJ9TetzuQVaYrdGxRpYfEX2q__cT3x02aZFhXWIjPAUUVfrLxdpUcTZNh-2NFOdWa55d860FdAeQYkbO3U623ZVoeyq_65dpvZm51wyOra0XRrU-MV5pJoCUi3taKsvP47q1PqQb2rnWYvYm7jRz5WOUnIGzB8rz8EehRq4nyu_4GVBI2CS41EJl5GAb8dhme8mYwDL0h6DZ1eZ3xg8jYNzurCJrnzXfq1FUlZlaG1N52_8PKAFRmS9iYtrUI6nAJtagnhlVZRzGp_ck.ZfdmHyvs1zAd38CngtgCYcgwR0HBJ4RoOgwDi4YuL5c&dib_tag=se&keywords=hats&qid=1759276708&sprefix=ha%2Caps%2C230&sr=8-41,
Men Quick Dry Baseball Cap Laser Cut Mesh Ball Curved Brim Snapback Hat,16.99,,,,False,False,https://www.amazon.com/VOBOOM-Quick-Baseball-Curved-Snapback/dp/B0C8J383KK/ref=sr_1_42?crid=3UD0HZDEGZ2PT&dib=eyJ2IjoiMSJ9.rsRuWNAZIB5bJy_6apC1D9w8GVqAJ9TetzuQVaYrdGxRpYfEX2q__cT3x02aZFhXWIjPAUUVfrLxdpUcTZNh-2NFOdWa55d860FdAeQYkbO3U623ZVoeyq_65dpvZm51wyOra0XRrU-MV5pJoCUi3taKsvP47q1PqQb2rnWYvYm7jRz5WOUnIGzB8rz8EehRq4nyu_4GVBI2CS41EJl5GAb8dhme8mYwDL0h6DZ1eZ3xg8jYNzurCJrnzXfq1FUlZlaG1N52_8PKAFRmS9iYtrUI6nAJtagnhlVZRzGp_ck.ZfdmHyvs1zAd38CngtgCYcgwR0HBJ4RoOgwDi4YuL5c&dib_tag=se&keywords=hats&qid=1759276708&sprefix=ha%2Caps%2C230&sr=8-42,
Adult Mountain Dad Hat-Unstructured Soft Cotton,15.5,,,,False,False,https://www.amazon.com/Outdoor-Cap-Mountain-Hat-Unstructured-Charcoal/dp/B077KD6D9Z/ref=sr_1_43?crid=3UD0HZDEGZ2PT&dib=eyJ2IjoiMSJ9.rsRuWNAZIB5bJy_6apC1D9w8GVqAJ9TetzuQVaYrdGxRpYfEX2q__cT3x02aZFhXWIjPAUUVfrLxdpUcTZNh-2NFOdWa55d860FdAeQYkbO3U623ZVoeyq_65dpvZm51wyOra0XRrU-MV5pJoCUi3taKsvP47q1PqQb2rnWYvYm7jRz5WOUnIGzB8rz8EehRq4nyu_4GVBI2CS41EJl5GAb8dhme8mYwDL0h6DZ1eZ3xg8jYNzurCJrnzXfq1FUlZlaG1N52_8PKAFRmS9iYtrUI6nAJtagnhlVZRzGp_ck.ZfdmHyvs1zAd38CngtgCYcgwR0HBJ4RoOgwDi4YuL5c&dib_tag=se&keywords=hats&qid=1759276708&sprefix=ha%2Caps%2C230&sr=8-43,
Los Angeles Dodgers Olive MLB Ballpark Camo Clean Up Cap,25.55,,,,False,False,https://www.amazon.com/47-Brand-Strapback-Cap-Dodgers/dp/B07V5W9H94/ref=sr_1_44?crid=3UD0HZDEGZ2PT&dib=eyJ2IjoiMSJ9.rsRuWNAZIB5bJy_6apC1D9w8GVqAJ9TetzuQVaYrdGxRpYfEX2q__cT3x02aZFhXWIjPAUUVfrLxdpUcTZNh-2NFOdWa55d860FdAeQYkbO3U623ZVoeyq_65dpvZm51wyOra0XRrU-MV5pJoCUi3taKsvP47q1PqQb2rnWYvYm7jRz5WOUnIGzB8rz8EehRq4nyu_4GVBI2CS41EJl5GAb8dhme8mYwDL0h6DZ1eZ3xg8jYNzurCJrnzXfq1FUlZlaG1N52_8PKAFRmS9iYtrUI6nAJtagnhlVZRzGp_ck.ZfdmHyvs1zAd38CngtgCYcgwR0HBJ4RoOgwDi4YuL5c&dib_tag=se&keywords=hats&qid=1759276708&sprefix=ha%2Caps%2C230&sr=8-44,
Men's Iso-chill ArmourVent Fitted Baseball Cap,20.97,,,,False,False,https://www.amazon.com/Under-Armour-Iso-Chill-Armourvent-Baseball/dp/B089MNFKCF/ref=sr_1_45?crid=3UD0HZDEGZ2PT&dib=eyJ2IjoiMSJ9.rsRuWNAZIB5bJy_6apC1D9w8GVqAJ9TetzuQVaYrdGxRpYfEX2q__cT3x02aZFhXWIjPAUUVfrLxdpUcTZNh-2NFOdWa55d860FdAeQYkbO3U623ZVoeyq_65dpvZm51wyOra0XRrU-MV5pJoCUi3taKsvP47q1PqQb2rnWYvYm7jRz5WOUnIGzB8rz8EehRq4nyu_4GVBI2CS41EJl5GAb8dhme8mYwDL0h6DZ1eZ3xg8jYNzurCJrnzXfq1FUlZlaG1N52_8PKAFRmS9iYtrUI6nAJtagnhlVZRzGp_ck.ZfdmHyvs1zAd38CngtgCYcgwR0HBJ4RoOgwDi4YuL5c&dib_tag=se&keywords=hats&qid=1759276708&sprefix=ha%2Caps%2C230&sr=8-45,
Mesh Trucker Hat Baseball Cap Structured Front Panel Wholesale LOT 12 Pack,29.99,,,,False,False,https://www.amazon.com/Gelante-Trucker-Baseball-Structured-Wholesale/dp/B0C211MC58/ref=sr_1_46?crid=3UD0HZDEGZ2PT&dib=eyJ2IjoiMSJ9.rsRuWNAZIB5bJy_6apC1D9w8GVqAJ9TetzuQVaYrdGxRpYfEX2q__cT3x02aZFhXWIjPAUUVfrLxdpUcTZNh-2NFOdWa55d860FdAeQYkbO3U623ZVoeyq_65dpvZm51wyOra0XRrU-MV5pJoCUi3taKsvP47q1PqQb2rnWYvYm7jRz5WOUnIGzB8rz8EehRq4nyu_4GVBI2CS41EJl5GAb8dhme8mYwDL0h6DZ1eZ3xg8jYNzurCJrnzXfq1FUlZlaG1N52_8PKAFRmS9iYtrUI6nAJtagnhlVZRzGp_ck.ZfdmHyvs1zAd38CngtgCYcgwR0HBJ4RoOgwDi4YuL5c&dib_tag=se&keywords=hats&qid=1759276708&sprefix=ha%2Caps%2C230&sr=8-46,
Adjustable Baseball Cap Men Retro Style Baseball Hat Women,4.98,,,,False,False,https://www.amazon.com/Volyers-Adjustable-Baseball-Retro-Medium/dp/B0DJP3J6NF/ref=sr_1_47?crid=3UD0HZDEGZ2PT&dib=eyJ2IjoiMSJ9.rsRuWNAZIB5bJy_6apC1D9w8GVqAJ9TetzuQVaYrdGxRpYfEX2q__cT3x02aZFhXWIjPAUUVfrLxdpUcTZNh-2NFOdWa55d860FdAeQYkbO3U623ZVoeyq_65dpvZm51wyOra0XRrU-MV5pJoCUi3taKsvP47q1PqQb2rnWYvYm7jRz5WOUnIGzB8rz8EehRq4nyu_4GVBI2CS41EJl5GAb8dhme8mYwDL0h6DZ1eZ3xg8jYNzurCJrnzXfq1FUlZlaG1N52_8PKAFRmS9iYtrUI6nAJtagnhlVZRzGp_ck.ZfdmHyvs1zAd38CngtgCYcgwR0HBJ4RoOgwDi4YuL5c&dib_tag=se&keywords=hats&qid=1759276708&sprefix=ha%2Caps%2C230&sr=8-47,
Brand Adjustable Cap - Clean UP LA Dodgers,36.95,,,,False,False,https://www.amazon.com/47-Angeles-Dodgers-Washed-Vintage/dp/B081S3V4J2/ref=sr_1_48?crid=3UD0HZDEGZ2PT&dib=eyJ2IjoiMSJ9.rsRuWNAZIB5bJy_6apC1D9w8GVqAJ9TetzuQVaYrdGxRpYfEX2q__cT3x02aZFhXWIjPAUUVfrLxdpUcTZNh-2NFOdWa55d860FdAeQYkbO3U623ZVoeyq_65dpvZm51wyOra0XRrU-MV5pJoCUi3taKsvP47q1PqQb2rnWYvYm7jRz5WOUnIGzB8rz8EehRq4nyu_4GVBI2CS41EJl5GAb8dhme8mYwDL0h6DZ1eZ3xg8jYNzurCJrnzXfq1FUlZlaG1N52_8PKAFRmS9iYtrUI6nAJtagnhlVZRzGp_ck.ZfdmHyvs1zAd38CngtgCYcgwR0HBJ4RoOgwDi4YuL5c&dib_tag=se&keywords=hats&qid=1759276708&sprefix=ha%2Caps%2C230&sr=8-48,
20 Pack Baseball Cap Blank Trucker Hats Bulk Wholesale Hats Adjustable Plain for Men Women,38.99,,,,False,False,https://www.amazon.com/LYDTICK-Baseball-Wholesale-Sublimation-Adjustable/dp/B0D17ZDK3W/ref=sr_1_49?crid=3UD0HZDEGZ2PT&dib=eyJ2IjoiMSJ9.rsRuWNAZIB5bJy_6apC1D9w8GVqAJ9TetzuQVaYrdGxRpYfEX2q__cT3x02aZFhXWIjPAUUVfrLxdpUcTZNh-2NFOdWa55d860FdAeQYkbO3U623ZVoeyq_65dpvZm51wyOra0XRrU-MV5pJoCUi3taKsvP47q1PqQb2rnWYvYm7jRz5WOUnIGzB8rz8EehRq4nyu_4GVBI2CS41EJl5GAb8dhme8mYwDL0h6DZ1eZ3xg8jYNzurCJrnzXfq1FUlZlaG1N52_8PKAFRmS9iYtrUI6nAJtagnhlVZRzGp_ck.ZfdmHyvs1zAd38CngtgCYcgwR0HBJ4RoOgwDi4YuL5c&dib_tag=se&keywords=hats&qid=1759276708&sprefix=ha%2Caps%2C230&sr=8-49,
"Brand MLB Moss Green Primary Logo Clean Up Adjustable Strap Baseball Cap Hat, Adult One Size Fits All",30.65,,,,False,False,https://www.amazon.com/47-Brand-Primary-Adjustable-Baseball/dp/B0DSLWR2NF/ref=sr_1_50?crid=3UD0HZDEGZ2PT&dib=eyJ2IjoiMSJ9.rsRuWNAZIB5bJy_6apC1D9w8GVqAJ9TetzuQVaYrdGxRpYfEX2q__cT3x02aZFhXWIjPAUUVfrLxdpUcTZNh-2NFOdWa55d860FdAeQYkbO3U623ZVoeyq_65dpvZm51wyOra0XRrU-MV5pJoCUi3taKsvP47q1PqQb2rnWYvYm7jRz5WOUnIGzB8rz8EehRq4nyu_4GVBI2CS41EJl5GAb8dhme8mYwDL0h6DZ1eZ3xg8jYNzurCJrnzXfq1FUlZlaG1N52_8PKAFRmS9iYtrUI6nAJtagnhlVZRzGp_ck.ZfdmHyvs1zAd38CngtgCYcgwR0HBJ4RoOgwDi4YuL5c&dib_tag=se&keywords=hats&qid=1759276708&sprefix=ha%2Caps%2C230&sr=8-50,
Men's 518015-010 Tech Swoosh Cap,24.69,,,,False,False,https://www.amazon.com/Nike-Team-Campus-Cap-102699/dp/B015RK4JXQ/ref=sr_1_51?crid=3UD0HZDEGZ2PT&dib=eyJ2IjoiMSJ9.rsRuWNAZIB5bJy_6apC1D9w8GVqAJ9TetzuQVaYrdGxRpYfEX2q__cT3x02aZFhXWIjPAUUVfrLxdpUcTZNh-2NFOdWa55d860FdAeQYkbO3U623ZVoeyq_65dpvZm51wyOra0XRrU-MV5pJoCUi3taKsvP47q1PqQb2rnWYvYm7jRz5WOUnIGzB8rz8EehRq4nyu_4GVBI2CS41EJl5GAb8dhme8mYwDL0h6DZ1eZ3xg8jYNzurCJrnzXfq1FUlZlaG1N52_8PKAFRmS9iYtrUI6nAJtagnhlVZRzGp_ck.ZfdmHyvs1zAd38CngtgCYcgwR0HBJ4RoOgwDi4YuL5c&dib_tag=se&keywords=hats&qid=1759276708&sprefix=ha%2Caps%2C230&sr=8-51,
Flat Brim Trucker Cap Adjustable Snapback Hat Mesh Back for Men Women,19.98,,10.0,coupon,True,False,https://www.amazon.com/BASSDASH-Trucker-Adjustable-Snapback-Women/dp/B0CMTV4QMM/ref=sr_1_52?crid=3UD0HZDEGZ2PT&dib=eyJ2IjoiMSJ9.rsRuWNAZIB5bJy_6apC1D9w8GVqAJ9TetzuQVaYrdGxRpYfEX2q__cT3x02aZFhXWIjPAUUVfrLxdpUcTZNh-2NFOdWa55d860FdAeQYkbO3U623ZVoeyq_65dpvZm51wyOra0XRrU-MV5pJoCUi3taKsvP47q1PqQb2rnWYvYm7jRz5WOUnIGzB8rz8EehRq4nyu_4GVBI2CS41EJl5GAb8dhme8mYwDL0h6DZ1eZ3xg8jYNzurCJrnzXfq1FUlZlaG1N52_8PKAFRmS9iYtrUI6nAJtagnhlVZRzGp_ck.ZfdmHyvs1zAd38CngtgCYcgwR0HBJ4RoOgwDi4YuL5c&dib_tag=se&keywords=hats&qid=1759276708&sprefix=ha%2Caps%2C230&sr=8-52,
Men's Iso-chill ArmourVent Stretch Fit Hat,30.0,,,,False,False,https://www.amazon.com/Under-Armour-Standard-Iso-Chill-ArmourVent/dp/B0C12TRHRQ/ref=sr_1_53?crid=3UD0HZDEGZ2PT&dib=eyJ2IjoiMSJ9.rsRuWNAZIB5bJy_6apC1D9w8GVqAJ9TetzuQVaYrdGxRpYfEX2q__cT3x02aZFhXWIjPAUUVfrLxdpUcTZNh-2NFOdWa55d860FdAeQYkbO3U623ZVoeyq_65dpvZm51wyOra0XRrU-MV5pJoCUi3taKsvP47q1PqQb2rnWYvYm7jRz5WOUnIGzB8rz8EehRq4nyu_4GVBI2CS41EJl5GAb8dhme8mYwDL0h6DZ1eZ3xg8jYNzurCJrnzXfq1FUlZlaG1N52_8PKAFRmS9iYtrUI6nAJtagnhlVZRzGp_ck.ZfdmHyvs1zAd38CngtgCYcgwR0HBJ4RoOgwDi4YuL5c&dib_tag=se&keywords=hats&qid=1759276708&sprefix=ha%2Caps%2C230&sr=8-53,
"Unisex Cotton Twill Fitted Baseball Cap, Black, Large-X-Large",10.52,,,,False,False,https://www.amazon.com/Flexfit-Cotton-Twill-Fitted-Black/dp/B073DV1J8G/ref=sr_1_54?crid=3UD0HZDEGZ2PT&dib=eyJ2IjoiMSJ9.rsRuWNAZIB5bJy_6apC1D9w8GVqAJ9TetzuQVaYrdGxRpYfEX2q__cT3x02aZFhXWIjPAUUVfrLxdpUcTZNh-2NFOdWa55d860FdAeQYkbO3U623ZVoeyq_65dpvZm51wyOra0XRrU-MV5pJoCUi3taKsvP47q1PqQb2rnWYvYm7jRz5WOUnIGzB8rz8EehRq4nyu_4GVBI2CS41EJl5GAb8dhme8mYwDL0h6DZ1eZ3xg8jYNzurCJrnzXfq1FUlZlaG1N52_8PKAFRmS9iYtrUI6nAJtagnhlVZRzGp_ck.ZfdmHyvs1zAd38CngtgCYcgwR0HBJ4RoOgwDi4YuL5c&dib_tag=se&keywords=hats&qid=1759276708&sprefix=ha%2Caps%2C230&sr=8-54,
Athletic Baseball Fitted Cap Hat,12.52,,,,False,False,https://www.amazon.com/Flexfit-Athletic-Baseball-Fitted-Medium/dp/B073DWL72L/ref=sr_1_55?crid=3UD0HZDEGZ2PT&dib=eyJ2IjoiMSJ9.rsRuWNAZIB5bJy_6apC1D9w8GVqAJ9TetzuQVaYrdGxRpYfEX2q__cT3x02aZFhXWIjPAUUVfrLxdpUcTZNh-2NFOdWa55d860FdAeQYkbO3U623ZVoeyq_65dpvZm51wyOra0XRrU-MV5pJoCUi3taKsvP47q1PqQb2rnWYvYm7jRz5WOUnIGzB8rz8EehRq4nyu_4GVBI2CS41EJl5GAb8dhme8mYwDL0h6DZ1eZ3xg8jYNzurCJrnzXfq1FUlZlaG1N52_8PKAFRmS9iYtrUI6nAJtagnhlVZRzGp_ck.ZfdmHyvs1zAd38CngtgCYcgwR0HBJ4RoOgwDi4YuL5c&dib_tag=se&keywords=hats&qid=1759276708&sprefix=ha%2Caps%2C230&sr=8-55,
8 Pack Vintage Washed Baseball Cap Golf Dad Hat Distressed Cotton Plain Trucker Hats for Men Women,19.99,,,,False,False,https://www.amazon.com/LYDTICK-Vintage-Baseball-Distressed-Trucker/dp/B0FHH1MV26/ref=sr_1_56?crid=3UD0HZDEGZ2PT&dib=eyJ2IjoiMSJ9.rsRuWNAZIB5bJy_6apC1D9w8GVqAJ9TetzuQVaYrdGxRpYfEX2q__cT3x02aZFhXWIjPAUUVfrLxdpUcTZNh-2NFOdWa55d860FdAeQYkbO3U623ZVoeyq_65dpvZm51wyOra0XRrU-MV5pJoCUi3taKsvP47q1PqQb2rnWYvYm7jRz5WOUnIGzB8rz8EehRq4nyu_4GVBI2CS41EJl5GAb8dhme8mYwDL0h6DZ1eZ3xg8jYNzurCJrnzXfq1FUlZlaG1N52_8PKAFRmS9iYtrUI6nAJtagnhlVZRzGp_ck.ZfdmHyvs1zAd38CngtgCYcgwR0HBJ4RoOgwDi4YuL5c&dib_tag=se&keywords=hats&qid=1759276708&sprefix=ha%2Caps%2C230&sr=8-56,
Men's A18 Acrylic Watch Cap,19.99,,,,False,False,https://www.amazon.com/Carhartt-Acrylic-Bright-Orange-Size/dp/B002G9UEFY/ref=sr_1_57?crid=3UD0HZDEGZ2PT&dib=eyJ2IjoiMSJ9.rsRuWNAZIB5bJy_6apC1D9w8GVqAJ9TetzuQVaYrdGxRpYfEX2q__cT3x02aZFhXWIjPAUUVfrLxdpUcTZNh-2NFOdWa55d860FdAeQYkbO3U623ZVoeyq_65dpvZm51wyOra0XRrU-MV5pJoCUi3taKsvP47q1PqQb2rnWYvYm7jRz5WOUnIGzB8rz8EehRq4nyu_4GVBI2CS41EJl5GAb8dhme8mYwDL0h6DZ1eZ3xg8jYNzurCJrnzXfq1FUlZlaG1N52_8PKAFRmS9iYtrUI6nAJtagnhlVZRzGp_ck.ZfdmHyvs1zAd38CngtgCYcgwR0HBJ4RoOgwDi4YuL5c&dib_tag=se&keywords=hats&qid=1759276708&sprefix=ha%2Caps%2C230&sr=8-57,
Men's Iso-chill ArmourVent Adjustable Hat,30.0,,,,False,False,https://www.amazon.com/Under-Armour-ArmourVent-Adjustable-Castlerock/dp/B0C13945CZ/ref=sr_1_58?crid=3UD0HZDEGZ2PT&dib=eyJ2IjoiMSJ9.rsRuWNAZIB5bJy_6apC1D9w8GVqAJ9TetzuQVaYrdGxRpYfEX2q__cT3x02aZFhXWIjPAUUVfrLxdpUcTZNh-2NFOdWa55d860FdAeQYkbO3U623ZVoeyq_65dpvZm51wyOra0XRrU-MV5pJoCUi3taKsvP47q1PqQb2rnWYvYm7jRz5WOUnIGzB8rz8EehRq4nyu_4GVBI2CS41EJl5GAb8dhme8mYwDL0h6DZ1eZ3xg8jYNzurCJrnzXfq1FUlZlaG1N52_8PKAFRmS9iYtrUI6nAJtagnhlVZRzGp_ck.ZfdmHyvs1zAd38CngtgCYcgwR0HBJ4RoOgwDi4YuL5c&dib_tag=se&keywords=hats&qid=1759276708&sprefix=ha%2Caps%2C230&sr=8-58,
"American Flag Trucker Hat - Snapback Hat, Baseball Cap for Men Women - Breathable Mesh Side, Adjustable Fit - for Casual Wear",,,,,False,False,https://www.amazon.com/American-Flag-Trucker-Hat-Breathable/dp/B09CTG33ZP/ref=sr_1_59?crid=3UD0HZDEGZ2PT&dib=eyJ2IjoiMSJ9.rsRuWNAZIB5bJy_6apC1D9w8GVqAJ9TetzuQVaYrdGxRpYfEX2q__cT3x02aZFhXWIjPAUUVfrLxdpUcTZNh-2NFOdWa55d860FdAeQYkbO3U623ZVoeyq_65dpvZm51wyOra0XRrU-MV5pJoCUi3taKsvP47q1PqQb2rnWYvYm7jRz5WOUnIGzB8rz8EehRq4nyu_4GVBI2CS41EJl5GAb8dhme8mYwDL0h6DZ1eZ3xg8jYNzurCJrnzXfq1FUlZlaG1N52_8PKAFRmS9iYtrUI6nAJtagnhlVZRzGp_ck.ZfdmHyvs1zAd38CngtgCYcgwR0HBJ4RoOgwDi4YuL5c&dib_tag=se&keywords=hats&qid=1759276708&sprefix=ha%2Caps%2C230&sr=8-59,
"47 New York Yankees Thorn Clean Up Dad Hat Baseball Cap - Khaki/Rose, Khaki, Red",33.99,,,,False,False,https://www.amazon.com/47-Yankees-Thorn-Clean-Baseball/dp/B09VCRFX7S/ref=sr_1_60?crid=3UD0HZDEGZ2PT&dib=eyJ2IjoiMSJ9.rsRuWNAZIB5bJy_6apC1D9w8GVqAJ9TetzuQVaYrdGxRpYfEX2q__cT3x02aZFhXWIjPAUUVfrLxdpUcTZNh-2NFOdWa55d860FdAeQYkbO3U623ZVoeyq_65dpvZm51wyOra0XRrU-MV5pJoCUi3taKsvP47q1PqQb2rnWYvYm7jRz5WOUnIGzB8rz8EehRq4nyu_4GVBI2CS41EJl5GAb8dhme8mYwDL0h6DZ1eZ3xg8jYNzurCJrnzXfq1FUlZlaG1N52_8PKAFRmS9iYtrUI6nAJtagnhlVZRzGp_ck.ZfdmHyvs1zAd38CngtgCYcgwR0HBJ4RoOgwDi4YuL5c&dib_tag=se&keywords=hats&qid=1759276708&sprefix=ha%2Caps%2C230&sr=8-60,
Outdoor UPF50+ Mesh Sun Hat Wide Brim Fishing Hat with Neck Flap Sun Hat for Men Women,14.44,,,,False,True,"https://www.amazon.com/Home-Prefer-Outdoor-UPF50-Fishing/dp/B07CS2NGNQ/ref=sxbs_pa_sp_search_thematic_btf_sspa?content-id=amzn1.sym.9cedcf95-cd36-48af-907f-d5adac8a82ca:amzn1.sym.9cedcf95-cd36-48af-907f-d5adac8a82ca&crid=3UD0HZDEGZ2PT&cv_ct_cx=hats&keywords=hats&pd_rd_i=B07CS2NGNQ&pd_rd_r=921bd8a9-d01e-4c47-8e5b-61c0140beaa4&pd_rd_w=sNkEW&pd_rd_wg=04yPS&pf_rd_p=9cedcf95-cd36-48af-907f-d5adac8a82ca&pf_rd_r=1T5873KKW5NJXNA8RH6C&qid=1759276708&sbo=RZvfv//HxDF+O5021pAnSA==&sprefix=ha,aps,230&sr=1-1-36c848c4-e051-4cd0-8275-c9e18233ba6a-spons&sp_csd=d2lkZ2V0TmFtZT1zcF9zZWFyY2hfdGhlbWF0aWNfYnRm&psc=1",
Trucker Hat [ Great Outdoors Design ] for Men and Women: Mid Profile Cap with Breathable Mesh Back and Adjustable Snap,29.99,,,,False,False,"https://www.amazon.com/Lindo-Trucker-Hat-Outdoors-Collection/dp/B06WV7411J/ref=sxbs_pa_sp_search_thematic_btf_sspa?content-id=amzn1.sym.9cedcf95-cd36-48af-907f-d5adac8a82ca:amzn1.sym.9cedcf95-cd36-48af-907f-d5adac8a82ca&crid=3UD0HZDEGZ2PT&cv_ct_cx=hats&keywords=hats&pd_rd_i=B06WV7411J&pd_rd_r=921bd8a9-d01e-4c47-8e5b-61c0140beaa4&pd_rd_w=sNkEW&pd_rd_wg=04yPS&pf_rd_p=9cedcf95-cd36-48af-907f-d5adac8a82ca&pf_rd_r=1T5873KKW5NJXNA8RH6C&qid=1759276708&sbo=RZvfv//HxDF+O5021pAnSA==&sprefix=ha,aps,230&sr=1-2-36c848c4-e051-4cd0-8275-c9e18233ba6a-spons&sp_csd=d2lkZ2V0TmFtZT1zcF9zZWFyY2hfdGhlbWF0aWNfYnRm&psc=1",
Vintage 1995 1996 1997 1998 1999 2000 2001 2002 2003 2004 Limited Edition Adjustable Embroidered Baseball Cap,18.99,,,,False,False,"https://www.amazon.com/Birthday-Decorations-Adjustable-Embroidered-Retirement/dp/B0DK6SRY89/ref=sxbs_pa_sp_search_thematic_btf_sspa?content-id=amzn1.sym.9cedcf95-cd36-48af-907f-d5adac8a82ca:amzn1.sym.9cedcf95-cd36-48af-907f-d5adac8a82ca&crid=3UD0HZDEGZ2PT&cv_ct_cx=hats&keywords=hats&pd_rd_i=B0DK6SRY89&pd_rd_r=921bd8a9-d01e-4c47-8e5b-61c0140beaa4&pd_rd_w=sNkEW&pd_rd_wg=04yPS&pf_rd_p=9cedcf95-cd36-48af-907f-d5adac8a82ca&pf_rd_r=1T5873KKW5NJXNA8RH6C&qid=1759276708&sbo=RZvfv//HxDF+O5021pAnSA==&sprefix=ha,aps,230&sr=1-3-36c848c4-e051-4cd0-8275-c9e18233ba6a-spons&sp_csd=d2lkZ2V0TmFtZT1zcF9zZWFyY2hfdGhlbWF0aWNfYnRm&psc=1",
Men's Caps - Del Mar Mesh Panel Baseball Cap Trucker Hat - Snap Back Hats for Men,33.99,,,,False,False,"https://www.amazon.com/Hurley-Mens-Caps-Baseball-Trucker/dp/B0DSM1D98G/ref=sxbs_pa_sp_search_thematic_btf_sspa?content-id=amzn1.sym.9cedcf95-cd36-48af-907f-d5adac8a82ca:amzn1.sym.9cedcf95-cd36-48af-907f-d5adac8a82ca&crid=3UD0HZDEGZ2PT&cv_ct_cx=hats&keywords=hats&pd_rd_i=B0DSM1D98G&pd_rd_r=921bd8a9-d01e-4c47-8e5b-61c0140beaa4&pd_rd_w=sNkEW&pd_rd_wg=04yPS&pf_rd_p=9cedcf95-cd36-48af-907f-d5adac8a82ca&pf_rd_r=1T5873KKW5NJXNA8RH6C&qid=1759276708&sbo=RZvfv//HxDF+O5021pAnSA==&sprefix=ha,aps,230&sr=1-4-36c848c4-e051-4cd0-8275-c9e18233ba6a-spons&sp_csd=d2lkZ2V0TmFtZT1zcF9zZWFyY2hfdGhlbWF0aWNfYnRm&psc=1",
UPF 50+ Men's Sun Hat Wide Brim Bucket Hat UV Protection Hat for Mens Womens Beach Safari Gardening Golf Fishing,13.49,,,,False,True,"https://www.amazon.com/Home-Prefer-Outdoor-Camouflage-Fishing/dp/B01CR650UO/ref=sxbs_pa_sp_search_thematic_btf_sspa?content-id=amzn1.sym.9cedcf95-cd36-48af-907f-d5adac8a82ca:amzn1.sym.9cedcf95-cd36-48af-907f-d5adac8a82ca&crid=3UD0HZDEGZ2PT&cv_ct_cx=hats&keywords=hats&pd_rd_i=B01CR650UO&pd_rd_r=921bd8a9-d01e-4c47-8e5b-61c0140beaa4&pd_rd_w=sNkEW&pd_rd_wg=04yPS&pf_rd_p=9cedcf95-cd36-48af-907f-d5adac8a82ca&pf_rd_r=1T5873KKW5NJXNA8RH6C&qid=1759276708&sbo=RZvfv//HxDF+O5021pAnSA==&sprefix=ha,aps,230&sr=1-5-36c848c4-e051-4cd0-8275-c9e18233ba6a-spons&sp_csd=d2lkZ2V0TmFtZT1zcF9zZWFyY2hfdGhlbWF0aWNfYnRm&psc=1",
