title,price_text,has_coupon,is_limited_time_deal,product_url
"Baseball Cap, Snapback Trucker Hat for Men & Women with American Flag and Adjustable, Breathable Mesh, Flat Bill Hats",,False,False,/sspa/click?ie=UTF8&spc=MTo1Njg2OTUwOTg5MDk3NDU5OjE3NTkyNzU4NTM6c3BfYXRmOjMwMDAxMzIzNzc0NDIwMjo6MDo6&url=%2FUALON-Baseball-Snapback-Adjustable-Breathable%2Fdp%2FB0C1N59ZQP%2Fref%3Dsr_1_1_sspa%3Fcrid%3D3UD0HZDEGZ2PT%26dib%3DeyJ2IjoiMSJ9.rsRuWNAZIB5bJy_6apC1D6fViCnWRiArbSkeDUxcunNRpYfEX2q__cT3x02aZFhXWIjPAUUVfrLxdpUcTZNh-4bj9A7jW-CNxDjtRnLzIaK3U623ZVoeyq_65dpvZm51SWudK4FhdhwOYxZijWk0NGFE6FJ3LByZBfMExzE-Hv2Jv7Z_iVka4NBH5ElG7tXe_OEM84M5WyNsPNZ9jrWR6_Lj-LfvyIlDgth2lKRf6GuqlJquu8l601mCKr85IFgqZT1gqLj5dY90tqHvwKv7wL6ihdmwWBX-fg9aM3K-qiQ.62hhOMs03pOBJCAqa00pasq8FWHYmegpC4b8FWCUn7M%26dib_tag%3Dse%26keywords%3Dhats%26qid%3D1759275853%26sprefix%3Dha%252Caps%252C230%26sr%3D8-1-spons%26sp_csd%3Dd2lkZ2V0TmFtZT1zcF9hdGY%26psc%3D1
"Baseball Cap, American Flag Trucker Hat for Men Women, Breathable Adjustable Fit Outdoor Mesh Snapback Hats",,False,False,/sspa/click?ie=UTF8&spc=MTo1Njg2OTUwOTg5MDk3NDU5OjE3NTkyNzU4NTM6c3BfYXRmOjIwMDA1NjcwMjIyNTk5ODo6MDo6&url=%2FVIONLAN-Baseball-American-Embossed-Adjustable%2Fdp%2FB09W58K2L3%2Fref%3Dsr_1_2_sspa%3Fcrid%3D3UD0HZDEGZ2PT%26dib%3DeyJ2IjoiMSJ9.rsRuWNAZIB5bJy_6apC1D6fViCnWRiArbSkeDUxcunNRpYfEX2q__cT3x02aZFhXWIjPAUUVfrLxdpUcTZNh-4bj9A7jW-CNxDjtRnLzIaK3U623ZVoeyq_65dpvZm51SWudK4FhdhwOYxZijWk0NGFE6FJ3LByZBfMExzE-Hv2Jv7Z_iVka4NBH5ElG7tXe_OEM84M5WyNsPNZ9jrWR6_Lj-LfvyIlDgth2lKRf6GuqlJquu8l601mCKr85IFgqZT1gqLj5dY90tqHvwKv7wL6ihdmwWBX-fg9aM3K-qiQ.62hhOMs03pOBJCAqa00pasq8FWHYmegpC4b8FWCUn7M%26dib_tag%3Dse%26keywords%3Dhats%26qid%3D1759275853%26sprefix%3Dha%252Caps%252C230%26sr%3D8-2-spons%26sp_csd%3Dd2lkZ2V0TmFtZT1zcF9hdGY%26psc%3D1
Outdoor UPF50+ Mesh Sun Hat Wide Brim Fishing Hat with Neck Flap Sun Hat for Men Women,$13.25 $ 13 . 25,False,True,/sspa/click?ie=UTF8&spc=MTo1Njg2OTUwOTg5MDk3NDU5OjE3NTkyNzU4NTM6c3BfYXRmOjIwMDAyOTkyOTY0NTc5ODo6MDo6&url=%2FHome-Prefer-Outback-Safari-Fishing%2Fdp%2FB07CPY32PW%2Fref%3Dsr_1_3_sspa%3Fcrid%3D3UD0HZDEGZ2PT%26dib%3DeyJ2IjoiMSJ9.rsRuWNAZIB5bJy_6apC1D6fViCnWRiArbSkeDUxcunNRpYfEX2q__cT3x02aZFhXWIjPAUUVfrLxdpUcTZNh-4bj9A7jW-CNxDjtRnLzIaK3U623ZVoeyq_65dpvZm51SWudK4FhdhwOYxZijWk0NGFE6FJ3LByZBfMExzE-Hv2Jv7Z_iVka4NBH5ElG7tXe_OEM84M5WyNsPNZ9jrWR6_Lj-LfvyIlDgth2lKRf6GuqlJquu8l601mCKr85IFgqZT1gqLj5dY90tqHvwKv7wL6ihdmwWBX-fg9aM3K-qiQ.62hhOMs03pOBJCAqa00pasq8FWHYmegpC4b8FWCUn7M%26dib_tag%3Dse%26keywords%3Dhats%26qid%3D1759275853%26sprefix%3Dha%252Caps%252C230%26sr%3D8-3-spons%26sp_csd%3Dd2lkZ2V0TmFtZT1zcF9hdGY%26psc%3D1
"Birthday Gifts for Him Her, Unique Ideal Gifts Cap for Men Women, Vintage Hat Baseball Cap",$19.99 $ 19 . 99,False,False,/sspa/click?ie=UTF8&spc=MTo1Njg2OTUwOTg5MDk3NDU5OjE3NTkyNzU4NTM6c3BfYXRmOjMwMDQ0NzM3ODE5NjcwMjo6MDo6&url=%2FRybicag-Birthday-Gifts-Women-Vintage%2Fdp%2FB0D7C4CRSW%2Fref%3Dsr_1_4_sspa%3Fcrid%3D3UD0HZDEGZ2PT%26dib%3DeyJ2IjoiMSJ9.rsRuWNAZIB5bJy_6apC1D6fViCnWRiArbSkeDUxcunNRpYfEX2q__cT3x02aZFhXWIjPAUUVfrLxdpUcTZNh-4bj9A7jW-CNxDjtRnLzIaK3U623ZVoeyq_65dpvZm51SWudK4FhdhwOYxZijWk0NGFE6FJ3LByZBfMExzE-Hv2Jv7Z_iVka4NBH5ElG7tXe_OEM84M5WyNsPNZ9jrWR6_Lj-LfvyIlDgth2lKRf6GuqlJquu8l601mCKr85IFgqZT1gqLj5dY90tqHvwKv7wL6ihdmwWBX-fg9aM3K-qiQ.62hhOMs03pOBJCAqa00pasq8FWHYmegpC4b8FWCUn7M%26dib_tag%3Dse%26keywords%3Dhats%26qid%3D1759275853%26sprefix%3Dha%252Caps%252C230%26sr%3D8-4-spons%26sp_csd%3Dd2lkZ2V0TmFtZT1zcF9hdGY%26psc%3D1
Men's Athletic Baseball Fitted Cap,$12.47 $ 12 . 47,False,False,/Flexfit-Athletic-Baseball-Fitted-Black/dp/B073DTZ6KZ/ref=sr_1_5?crid=3UD0HZDEGZ2PT&dib=eyJ2IjoiMSJ9.rsRuWNAZIB5bJy_6apC1D6fViCnWRiArbSkeDUxcunNRpYfEX2q__cT3x02aZFhXWIjPAUUVfrLxdpUcTZNh-4bj9A7jW-CNxDjtRnLzIaK3U623ZVoeyq_65dpvZm51SWudK4FhdhwOYxZijWk0NGFE6FJ3LByZBfMExzE-Hv2Jv7Z_iVka4NBH5ElG7tXe_OEM84M5WyNsPNZ9jrWR6_Lj-LfvyIlDgth2lKRf6GuqlJquu8l601mCKr85IFgqZT1gqLj5dY90tqHvwKv7wL6ihdmwWBX-fg9aM3K-qiQ.62hhOMs03pOBJCAqa00pasq8FWHYmegpC4b8FWCUn7M&dib_tag=se&keywords=hats&qid=1759275853&sprefix=ha%2Caps%2C230&sr=8-5
"3 Pack Washed Plain Baseball Cap, Retro Adjustable Dad Hats Gift for Men/Women,Unstructured/Cotton",$11.59 $ 11 . 59,False,True,/MNXA-Baseball-Adjustable-Unstructured-Burgundy/dp/B08H59VBFQ/ref=sr_1_6?crid=3UD0HZDEGZ2PT&dib=eyJ2IjoiMSJ9.rsRuWNAZIB5bJy_6apC1D6fViCnWRiArbSkeDUxcunNRpYfEX2q__cT3x02aZFhXWIjPAUUVfrLxdpUcTZNh-4bj9A7jW-CNxDjtRnLzIaK3U623ZVoeyq_65dpvZm51SWudK4FhdhwOYxZijWk0NGFE6FJ3LByZBfMExzE-Hv2Jv7Z_iVka4NBH5ElG7tXe_OEM84M5WyNsPNZ9jrWR6_Lj-LfvyIlDgth2lKRf6GuqlJquu8l601mCKr85IFgqZT1gqLj5dY90tqHvwKv7wL6ihdmwWBX-fg9aM3K-qiQ.62hhOMs03pOBJCAqa00pasq8FWHYmegpC4b8FWCUn7M&dib_tag=se&keywords=hats&qid=1759275853&sprefix=ha%2Caps%2C230&sr=8-6
American Flag Embroidery Dad Hat - Soft Washed Cotton USA Army Tactical Operator Military for Men Women,$17.99 $ 17 . 99,False,False,/OUTDOOR-SHAPING-American-Flag-Embroidery/dp/B0FDQ738CM/ref=sr_1_7?crid=3UD0HZDEGZ2PT&dib=eyJ2IjoiMSJ9.rsRuWNAZIB5bJy_6apC1D6fViCnWRiArbSkeDUxcunNRpYfEX2q__cT3x02aZFhXWIjPAUUVfrLxdpUcTZNh-4bj9A7jW-CNxDjtRnLzIaK3U623ZVoeyq_65dpvZm51SWudK4FhdhwOYxZijWk0NGFE6FJ3LByZBfMExzE-Hv2Jv7Z_iVka4NBH5ElG7tXe_OEM84M5WyNsPNZ9jrWR6_Lj-LfvyIlDgth2lKRf6GuqlJquu8l601mCKr85IFgqZT1gqLj5dY90tqHvwKv7wL6ihdmwWBX-fg9aM3K-qiQ.62hhOMs03pOBJCAqa00pasq8FWHYmegpC4b8FWCUn7M&dib_tag=se&keywords=hats&qid=1759275853&sprefix=ha%2Caps%2C230&sr=8-7
Outdoor UPF50+ Mesh Sun Hat Wide Brim Fishing Hat with Neck Flap Sun Hat for Men Women,$13.25 $ 13 . 25,False,True,/sspa/click?ie=UTF8&spc=MTo2MTc5ODg0NjY3NTk2MDE5OjE3NTkyNzU4NTM6c3Bfc2VhcmNoX3RoZW1hdGljOjIwMDAyOTkyOTY0NTc5ODo6MDo6&url=%2FHome-Prefer-Outback-Safari-Fishing%2Fdp%2FB07CPY32PW%2Fref%3Dsxin_16_pa_sp_search_thematic_sspa%3Fcontent-id%3Damzn1.sym.9359d6d7-ab2c-4962-841a-fb8fd109d2a3%253Aamzn1.sym.9359d6d7-ab2c-4962-841a-fb8fd109d2a3%26crid%3D3UD0HZDEGZ2PT%26cv_ct_cx%3Dhats%26keywords%3Dhats%26pd_rd_i%3DB07CPY32PW%26pd_rd_r%3De0e8bbe9-6c5f-41b0-9609-d41d2b6b0ac9%26pd_rd_w%3DDzONl%26pd_rd_wg%3D49qH2%26pf_rd_p%3D9359d6d7-ab2c-4962-841a-fb8fd109d2a3%26pf_rd_r%3D4PGPHAE6W0F4SWA31Z25%26qid%3D1759275853%26sbo%3DRZvfv%252F%252FHxDF%252BO5021pAnSA%253D%253D%26sprefix%3Dha%252Caps%252C230%26sr%3D1-1-183302c6-8dec-4386-8e58-6031e7be5ad8-spons%26sp_csd%3Dd2lkZ2V0TmFtZT1zcF9zZWFyY2hfdGhlbWF0aWM%26psc%3D1&aref=BhtdbpxlWg
"Awesome Like My Daughter Hat for Dad, Funny Hat for Dads from Daughter, Dad Birthday Gift Trucker Hat Cap (US, Alpha, One Size, Black)",$19.99 $ 19 . 99,False,False,/sspa/click?ie=UTF8&spc=MTo2MTc5ODg0NjY3NTk2MDE5OjE3NTkyNzU4NTM6c3Bfc2VhcmNoX3RoZW1hdGljOjMwMDY2NDIyOTc1MDEwMjo6MTo6&url=%2F68LDROOTER-Awesome-Daughter-Birthday-Trucker%2Fdp%2FB0DKC9Q141%2Fref%3Dsxin_16_pa_sp_search_thematic_sspa%3Fcontent-id%3Damzn1.sym.9359d6d7-ab2c-4962-841a-fb8fd109d2a3%253Aamzn1.sym.9359d6d7-ab2c-4962-841a-fb8fd109d2a3%26crid%3D3UD0HZDEGZ2PT%26cv_ct_cx%3Dhats%26keywords%3Dhats%26pd_rd_i%3DB0DKC9Q141%26pd_rd_r%3De0e8bbe9-6c5f-41b0-9609-d41d2b6b0ac9%26pd_rd_w%3DDzONl%26pd_rd_wg%3D49qH2%26pf_rd_p%3D9359d6d7-ab2c-4962-841a-fb8fd109d2a3%26pf_rd_r%3D4PGPHAE6W0F4SWA31Z25%26qid%3D1759275853%26sbo%3DRZvfv%252F%252FHxDF%252BO5021pAnSA%253D%253D%26sprefix%3Dha%252Caps%252C230%26sr%3D1-2-183302c6-8dec-4386-8e58-6031e7be5ad8-spons%26sp_csd%3Dd2lkZ2V0TmFtZT1zcF9zZWFyY2hfdGhlbWF0aWM%26psc%3D1&aref=RelFISF1j1
Trucker Hat [ Great Outdoors Design ] for Men and Women: Mid Profile Cap with Breathable Mesh Back and Adjustable Snap,$29.99 $ 29 . 99,False,False,/sspa/click?ie=UTF8&spc=MTo2MTc5ODg0NjY3NTk2MDE5OjE3NTkyNzU4NTM6c3Bfc2VhcmNoX3RoZW1hdGljOjIwMDA4NzExNjczNTg5ODo6Mjo6&url=%2FLindo-Trucker-Hat-Outdoors-Collection%2Fdp%2FB06WV7411J%2Fref%3Dsxin_16_pa_sp_search_thematic_sspa%3Fcontent-id%3Damzn1.sym.9359d6d7-ab2c-4962-841a-fb8fd109d2a3%253Aamzn1.sym.9359d6d7-ab2c-4962-841a-fb8fd109d2a3%26crid%3D3UD0HZDEGZ2PT%26cv_ct_cx%3Dhats%26keywords%3Dhats%26pd_rd_i%3DB06WV7411J%26pd_rd_r%3De0e8bbe9-6c5f-41b0-9609-d41d2b6b0ac9%26pd_rd_w%3DDzONl%26pd_rd_wg%3D49qH2%26pf_rd_p%3D9359d6d7-ab2c-4962-841a-fb8fd109d2a3%26pf_rd_r%3D4PGPHAE6W0F4SWA31Z25%26qid%3D1759275853%26sbo%3DRZvfv%252F%252FHxDF%252BO5021pAnSA%253D%253D%26sprefix%3Dha%252Caps%252C230%26sr%3D1-3-183302c6-8dec-4386-8e58-6031e7be5ad8-spons%26sp_csd%3Dd2lkZ2V0TmFtZT1zcF9zZWFyY2hfdGhlbWF0aWM%26psc%3D1&aref=irfE0fnlFN
Unisex Cadet Army Cap Adjustable Flat Top Cap Washed Cotton Military Hat Baseball Cap,$12.99 $ 12 . 99,False,False,/sspa/click?ie=UTF8&spc=MTo2MTc5ODg0NjY3NTk2MDE5OjE3NTkyNzU4NTM6c3Bfc2VhcmNoX3RoZW1hdGljOjIwMDA4MzA1MDkzMTc5ODo6Mzo6&url=%2FYeeHeen-Unisex-Adjustable-Military-Baseball%2Fdp%2FB0B52Y57MW%2Fref%3Dsxin_16_pa_sp_search_thematic_sspa%3Fcontent-id%3Damzn1.sym.9359d6d7-ab2c-4962-841a-fb8fd109d2a3%253Aamzn1.sym.9359d6d7-ab2c-4962-841a-fb8fd109d2a3%26crid%3D3UD0HZDEGZ2PT%26cv_ct_cx%3Dhats%26keywords%3Dhats%26pd_rd_i%3DB0B52Y57MW%26pd_rd_r%3De0e8bbe9-6c5f-41b0-9609-d41d2b6b0ac9%26pd_rd_w%3DDzONl%26pd_rd_wg%3D49qH2%26pf_rd_p%3D9359d6d7-ab2c-4962-841a-fb8fd109d2a3%26pf_rd_r%3D4PGPHAE6W0F4SWA31Z25%26qid%3D1759275853%26sbo%3DRZvfv%252F%252FHxDF%252BO5021pAnSA%253D%253D%26sprefix%3Dha%252Caps%252C230%26sr%3D1-4-183302c6-8dec-4386-8e58-6031e7be5ad8-spons%26sp_csd%3Dd2lkZ2V0TmFtZT1zcF9zZWFyY2hfdGhlbWF0aWM%26psc%3D1&aref=5AXAeY6reV
"Sun Hat | UPF 50+ Sun Protection | Wide Brim | Lifeguard Hat | Beach, Gardening, Fishing, Hiking, Outdoors",$34.99 $ 34 . 99,False,False,/sspa/click?ie=UTF8&spc=MTo2MTc5ODg0NjY3NTk2MDE5OjE3NTkyNzU4NTM6c3Bfc2VhcmNoX3RoZW1hdGljOjMwMDM2NzU5MTYzODUwMjo6NDo6&url=%2FFARMERS-DEFENSE-Protection-Lifeguard-Lightweight%2Fdp%2FB0CCZVW36D%2Fref%3Dsxin_16_pa_sp_search_thematic_sspa%3Fcontent-id%3Damzn1.sym.9359d6d7-ab2c-4962-841a-fb8fd109d2a3%253Aamzn1.sym.9359d6d7-ab2c-4962-841a-fb8fd109d2a3%26crid%3D3UD0HZDEGZ2PT%26cv_ct_cx%3Dhats%26keywords%3Dhats%26pd_rd_i%3DB0CCZVW36D%26pd_rd_r%3De0e8bbe9-6c5f-41b0-9609-d41d2b6b0ac9%26pd_rd_w%3DDzONl%26pd_rd_wg%3D49qH2%26pf_rd_p%3D9359d6d7-ab2c-4962-841a-fb8fd109d2a3%26pf_rd_r%3D4PGPHAE6W0F4SWA31Z25%26qid%3D1759275853%26sbo%3DRZvfv%252F%252FHxDF%252BO5021pAnSA%253D%253D%26sprefix%3Dha%252Caps%252C230%26sr%3D1-5-183302c6-8dec-4386-8e58-6031e7be5ad8-spons%26sp_csd%3Dd2lkZ2V0TmFtZT1zcF9zZWFyY2hfdGhlbWF0aWM%26psc%3D1&aref=yWhn6dLhN8
Men's Golf Cap,$26.71 $ 26 . 71,False,False,/Nike-Golf-Dri-Fit-Swoosh-Front/dp/B00CBMSNW2/ref=sr_1_8?crid=3UD0HZDEGZ2PT&dib=eyJ2IjoiMSJ9.rsRuWNAZIB5bJy_6apC1D6fViCnWRiArbSkeDUxcunNRpYfEX2q__cT3x02aZFhXWIjPAUUVfrLxdpUcTZNh-4bj9A7jW-CNxDjtRnLzIaK3U623ZVoeyq_65dpvZm51SWudK4FhdhwOYxZijWk0NGFE6FJ3LByZBfMExzE-Hv2Jv7Z_iVka4NBH5ElG7tXe_OEM84M5WyNsPNZ9jrWR6_Lj-LfvyIlDgth2lKRf6GuqlJquu8l601mCKr85IFgqZT1gqLj5dY90tqHvwKv7wL6ihdmwWBX-fg9aM3K-qiQ.62hhOMs03pOBJCAqa00pasq8FWHYmegpC4b8FWCUn7M&dib_tag=se&keywords=hats&qid=1759275853&sprefix=ha%2Caps%2C230&sr=8-8
47 Atlanta Braves Ballpark Clean Up Dad Hat Baseball Cap,$34.00 $ 34 . 00,False,False,/47-York-Yankees-Clean-Baseball/dp/B0754CB1W7/ref=sr_1_9?crid=3UD0HZDEGZ2PT&dib=eyJ2IjoiMSJ9.rsRuWNAZIB5bJy_6apC1D6fViCnWRiArbSkeDUxcunNRpYfEX2q__cT3x02aZFhXWIjPAUUVfrLxdpUcTZNh-4bj9A7jW-CNxDjtRnLzIaK3U623ZVoeyq_65dpvZm51SWudK4FhdhwOYxZijWk0NGFE6FJ3LByZBfMExzE-Hv2Jv7Z_iVka4NBH5ElG7tXe_OEM84M5WyNsPNZ9jrWR6_Lj-LfvyIlDgth2lKRf6GuqlJquu8l601mCKr85IFgqZT1gqLj5dY90tqHvwKv7wL6ihdmwWBX-fg9aM3K-qiQ.62hhOMs03pOBJCAqa00pasq8FWHYmegpC4b8FWCUn7M&dib_tag=se&keywords=hats&qid=1759275853&sprefix=ha%2Caps%2C230&sr=8-9
Authentic Fishing & Hunting Mesh Back Trucker Hat - The Ultimate Accessory for Outdoor Activies,$16.24 $ 16 . 24,False,False,/Authentic-Fishing-Hunting-Mesh-Trucker/dp/B0DND75M7M/ref=sr_1_10?crid=3UD0HZDEGZ2PT&dib=eyJ2IjoiMSJ9.rsRuWNAZIB5bJy_6apC1D6fViCnWRiArbSkeDUxcunNRpYfEX2q__cT3x02aZFhXWIjPAUUVfrLxdpUcTZNh-4bj9A7jW-CNxDjtRnLzIaK3U623ZVoeyq_65dpvZm51SWudK4FhdhwOYxZijWk0NGFE6FJ3LByZBfMExzE-Hv2Jv7Z_iVka4NBH5ElG7tXe_OEM84M5WyNsPNZ9jrWR6_Lj-LfvyIlDgth2lKRf6GuqlJquu8l601mCKr85IFgqZT1gqLj5dY90tqHvwKv7wL6ihdmwWBX-fg9aM3K-qiQ.62hhOMs03pOBJCAqa00pasq8FWHYmegpC4b8FWCUn7M&dib_tag=se&keywords=hats&qid=1759275853&sprefix=ha%2Caps%2C230&sr=8-10
Custom Hats Add Photos/Logo/Text to Design Your Personalized Baseball Cap for Men & Women Adjustable,,False,False,/sspa/click?ie=UTF8&spc=MTo1Njg2OTUwOTg5MDk3NDU5OjE3NTkyNzU4NTM6c3BfbXRmOjIwMDA3MTc2NTY4MDQ5ODo6MDo6&url=%2FPersonalized-Customize-Baseball-Adjustable-Trucker%2Fdp%2FB0B1TL9MWZ%2Fref%3Dsr_1_11_sspa%3Fcrid%3D3UD0HZDEGZ2PT%26dib%3DeyJ2IjoiMSJ9.rsRuWNAZIB5bJy_6apC1D6fViCnWRiArbSkeDUxcunNRpYfEX2q__cT3x02aZFhXWIjPAUUVfrLxdpUcTZNh-4bj9A7jW-CNxDjtRnLzIaK3U623ZVoeyq_65dpvZm51SWudK4FhdhwOYxZijWk0NGFE6FJ3LByZBfMExzE-Hv2Jv7Z_iVka4NBH5ElG7tXe_OEM84M5WyNsPNZ9jrWR6_Lj-LfvyIlDgth2lKRf6GuqlJquu8l601mCKr85IFgqZT1gqLj5dY90tqHvwKv7wL6ihdmwWBX-fg9aM3K-qiQ.62hhOMs03pOBJCAqa00pasq8FWHYmegpC4b8FWCUn7M%26dib_tag%3Dse%26keywords%3Dhats%26qid%3D1759275853%26sprefix%3Dha%252Caps%252C230%26sr%3D8-11-spons%26sp_csd%3Dd2lkZ2V0TmFtZT1zcF9tdGY%26psc%3D1
"Fashion Beanie for Men Beanies Women,Warm Winter Hats for Men Embroidery Unisex Knit Hat Skull Cap",$8.99 $ 8 . 99,False,False,/sspa/click?ie=UTF8&spc=MTo1Njg2OTUwOTg5MDk3NDU5OjE3NTkyNzU4NTM6c3BfbXRmOjMwMDk2NjIyODU4MzYwMjo6MDo6&url=%2FCSXYZWK-Beanie-Fashion-Embroidery-Knitted%2Fdp%2FB0DDP9WS3B%2Fref%3Dsr_1_12_sspa%3Fcrid%3D3UD0HZDEGZ2PT%26dib%3DeyJ2IjoiMSJ9.rsRuWNAZIB5bJy_6apC1D6fViCnWRiArbSkeDUxcunNRpYfEX2q__cT3x02aZFhXWIjPAUUVfrLxdpUcTZNh-4bj9A7jW-CNxDjtRnLzIaK3U623ZVoeyq_65dpvZm51SWudK4FhdhwOYxZijWk0NGFE6FJ3LByZBfMExzE-Hv2Jv7Z_iVka4NBH5ElG7tXe_OEM84M5WyNsPNZ9jrWR6_Lj-LfvyIlDgth2lKRf6GuqlJquu8l601mCKr85IFgqZT1gqLj5dY90tqHvwKv7wL6ihdmwWBX-fg9aM3K-qiQ.62hhOMs03pOBJCAqa00pasq8FWHYmegpC4b8FWCUn7M%26dib_tag%3Dse%26keywords%3Dhats%26qid%3D1759275853%26sprefix%3Dha%252Caps%252C230%26sr%3D8-12-spons%26sp_csd%3Dd2lkZ2V0TmFtZT1zcF9tdGY%26psc%3D1
"Sun Hat for Men Women with Neck Flap,UPF 50+ UV Protective Hiking Fishing Hats,Wide Brim Sun Hat for Women&Men",$12.99 $ 12 . 99,False,False,/sspa/click?ie=UTF8&spc=MTo1Njg2OTUwOTg5MDk3NDU5OjE3NTkyNzU4NTM6c3BfbXRmOjMwMDEyMjc4NDIyNjcwMjo6MDo6&url=%2FWomens-Protective-Hiking-Fishing-Women%2Fdp%2FB0C49FP9ZM%2Fref%3Dsr_1_13_sspa%3Fcrid%3D3UD0HZDEGZ2PT%26dib%3DeyJ2IjoiMSJ9.rsRuWNAZIB5bJy_6apC1D6fViCnWRiArbSkeDUxcunNRpYfEX2q__cT3x02aZFhXWIjPAUUVfrLxdpUcTZNh-4bj9A7jW-CNxDjtRnLzIaK3U623ZVoeyq_65dpvZm51SWudK4FhdhwOYxZijWk0NGFE6FJ3LByZBfMExzE-Hv2Jv7Z_iVka4NBH5ElG7tXe_OEM84M5WyNsPNZ9jrWR6_Lj-LfvyIlDgth2lKRf6GuqlJquu8l601mCKr85IFgqZT1gqLj5dY90tqHvwKv7wL6ihdmwWBX-fg9aM3K-qiQ.62hhOMs03pOBJCAqa00pasq8FWHYmegpC4b8FWCUn7M%26dib_tag%3Dse%26keywords%3Dhats%26qid%3D1759275853%26sprefix%3Dha%252Caps%252C230%26sr%3D8-13-spons%26sp_csd%3Dd2lkZ2V0TmFtZT1zcF9tdGY%26psc%3D1
Custom Leather Patch Trucker Hat - Personalized Baseball Caps - Adjustable Custom Hats for Men & Women,,False,False,/sspa/click?ie=UTF8&spc=MTo1Njg2OTUwOTg5MDk3NDU5OjE3NTkyNzU4NTM6c3BfbXRmOjMwMDM2NjczMzQyOTEwMjo6MDo6&url=%2FCustom-Leather-Patch-Trucker-Hat%2Fdp%2FB0DCNBHD9D%2Fref%3Dsr_1_14_sspa%3Fcrid%3D3UD0HZDEGZ2PT%26dib%3DeyJ2IjoiMSJ9.rsRuWNAZIB5bJy_6apC1D6fViCnWRiArbSkeDUxcunNRpYfEX2q__cT3x02aZFhXWIjPAUUVfrLxdpUcTZNh-4bj9A7jW-CNxDjtRnLzIaK3U623ZVoeyq_65dpvZm51SWudK4FhdhwOYxZijWk0NGFE6FJ3LByZBfMExzE-Hv2Jv7Z_iVka4NBH5ElG7tXe_OEM84M5WyNsPNZ9jrWR6_Lj-LfvyIlDgth2lKRf6GuqlJquu8l601mCKr85IFgqZT1gqLj5dY90tqHvwKv7wL6ihdmwWBX-fg9aM3K-qiQ.62hhOMs03pOBJCAqa00pasq8FWHYmegpC4b8FWCUn7M%26dib_tag%3Dse%26keywords%3Dhats%26qid%3D1759275853%26sprefix%3Dha%252Caps%252C230%26sr%3D8-14-spons%26sp_csd%3Dd2lkZ2V0TmFtZT1zcF9tdGY%26psc%3D1
Mens Trucker Hat Structured Mesh Baseball Cap Adjustable Classic Mens Hat,$16.14 $ 16 . 14,False,True,/FURTALK-Trucker-Structured-Baseball-Adjustable/dp/B0DTDQZGMK/ref=sr_1_15?crid=3UD0HZDEGZ2PT&dib=eyJ2IjoiMSJ9.rsRuWNAZIB5bJy_6apC1D6fViCnWRiArbSkeDUxcunNRpYfEX2q__cT3x02aZFhXWIjPAUUVfrLxdpUcTZNh-4bj9A7jW-CNxDjtRnLzIaK3U623ZVoeyq_65dpvZm51SWudK4FhdhwOYxZijWk0NGFE6FJ3LByZBfMExzE-Hv2Jv7Z_iVka4NBH5ElG7tXe_OEM84M5WyNsPNZ9jrWR6_Lj-LfvyIlDgth2lKRf6GuqlJquu8l601mCKr85IFgqZT1gqLj5dY90tqHvwKv7wL6ihdmwWBX-fg9aM3K-qiQ.62hhOMs03pOBJCAqa00pasq8FWHYmegpC4b8FWCUn7M&dib_tag=se&keywords=hats&qid=1759275853&sprefix=ha%2Caps%2C230&sr=8-15
NBA Men's 9Fifty Snapback Cap,$31.63 $ 31 . 63,False,False,/New-Era-Yankees-9FIFTY-Snapback/dp/B07FDRHFWM/ref=sr_1_16?crid=3UD0HZDEGZ2PT&dib=eyJ2IjoiMSJ9.rsRuWNAZIB5bJy_6apC1D6fViCnWRiArbSkeDUxcunNRpYfEX2q__cT3x02aZFhXWIjPAUUVfrLxdpUcTZNh-4bj9A7jW-CNxDjtRnLzIaK3U623ZVoeyq_65dpvZm51SWudK4FhdhwOYxZijWk0NGFE6FJ3LByZBfMExzE-Hv2Jv7Z_iVka4NBH5ElG7tXe_OEM84M5WyNsPNZ9jrWR6_Lj-LfvyIlDgth2lKRf6GuqlJquu8l601mCKr85IFgqZT1gqLj5dY90tqHvwKv7wL6ihdmwWBX-fg9aM3K-qiQ.62hhOMs03pOBJCAqa00pasq8FWHYmegpC4b8FWCUn7M&dib_tag=se&keywords=hats&qid=1759275853&sprefix=ha%2Caps%2C230&sr=8-16
"Men's YP Classic Trucker Cap, OSFA",$10.29 $ 10 . 29,False,False,/Yupoong-Classics-Retro-Trucker-Black/dp/B0C4Z96RCS/ref=sr_1_17?crid=3UD0HZDEGZ2PT&dib=eyJ2IjoiMSJ9.rsRuWNAZIB5bJy_6apC1D6fViCnWRiArbSkeDUxcunNRpYfEX2q__cT3x02aZFhXWIjPAUUVfrLxdpUcTZNh-4bj9A7jW-CNxDjtRnLzIaK3U623ZVoeyq_65dpvZm51SWudK4FhdhwOYxZijWk0NGFE6FJ3LByZBfMExzE-Hv2Jv7Z_iVka4NBH5ElG7tXe_OEM84M5WyNsPNZ9jrWR6_Lj-LfvyIlDgth2lKRf6GuqlJquu8l601mCKr85IFgqZT1gqLj5dY90tqHvwKv7wL6ihdmwWBX-fg9aM3K-qiQ.62hhOMs03pOBJCAqa00pasq8FWHYmegpC4b8FWCUn7M&dib_tag=se&keywords=hats&qid=1759275853&sprefix=ha%2Caps%2C230&sr=8-17
Men's Cotton Canvas Cap,$19.97 $ 19 . 97,False,False,/Carhartt-100289-211-Canvas-Baseball-Cap/dp/B00B354UUC/ref=sr_1_18?crid=3UD0HZDEGZ2PT&dib=eyJ2IjoiMSJ9.rsRuWNAZIB5bJy_6apC1D6fViCnWRiArbSkeDUxcunNRpYfEX2q__cT3x02aZFhXWIjPAUUVfrLxdpUcTZNh-4bj9A7jW-CNxDjtRnLzIaK3U623ZVoeyq_65dpvZm51SWudK4FhdhwOYxZijWk0NGFE6FJ3LByZBfMExzE-Hv2Jv7Z_iVka4NBH5ElG7tXe_OEM84M5WyNsPNZ9jrWR6_Lj-LfvyIlDgth2lKRf6GuqlJquu8l601mCKr85IFgqZT1gqLj5dY90tqHvwKv7wL6ihdmwWBX-fg9aM3K-qiQ.62hhOMs03pOBJCAqa00pasq8FWHYmegpC4b8FWCUn7M&dib_tag=se&keywords=hats&qid=1759275853&sprefix=ha%2Caps%2C230&sr=8-18
Vintage 1944 1943 1942 1941 1940 1939 1938 1937 1936 1935 Limited Edition Adjustable Embroidered Baseball Cap,$19.99 $ 19 . 99,False,False,/sspa/click?ie=UTF8&spc=MTo1Njg2OTUwOTg5MDk3NDU5OjE3NTkyNzU4NTM6c3BfbXRmOjMwMDQwMTYxMzAzNzIwMjo6MDo6&url=%2FBirthday-Decorations-Baseball-Retirement-Retirees%2Fdp%2FB0DCVTP4Z6%2Fref%3Dsr_1_19_sspa%3Fcrid%3D3UD0HZDEGZ2PT%26dib%3DeyJ2IjoiMSJ9.rsRuWNAZIB5bJy_6apC1D6fViCnWRiArbSkeDUxcunNRpYfEX2q__cT3x02aZFhXWIjPAUUVfrLxdpUcTZNh-4bj9A7jW-CNxDjtRnLzIaK3U623ZVoeyq_65dpvZm51SWudK4FhdhwOYxZijWk0NGFE6FJ3LByZBfMExzE-Hv2Jv7Z_iVka4NBH5ElG7tXe_OEM84M5WyNsPNZ9jrWR6_Lj-LfvyIlDgth2lKRf6GuqlJquu8l601mCKr85IFgqZT1gqLj5dY90tqHvwKv7wL6ihdmwWBX-fg9aM3K-qiQ.62hhOMs03pOBJCAqa00pasq8FWHYmegpC4b8FWCUn7M%26dib_tag%3Dse%26keywords%3Dhats%26qid%3D1759275853%26sprefix%3Dha%252Caps%252C230%26sr%3D8-19-spons%26sp_csd%3Dd2lkZ2V0TmFtZT1zcF9tdGY%26psc%3D1
Custom Baseball Caps Design Your Own Image/Text/Logo Customized Hat for Men Woman Personalized Hats Unisex Adjustable,,False,False,/sspa/click?ie=UTF8&spc=MTo1Njg2OTUwOTg5MDk3NDU5OjE3NTkyNzU4NTM6c3BfbXRmOjMwMDk0NzcxNjczMjEwMjo6MDo6&url=%2FSnapback-Trucker-Customized-Baseball-Adjustable%2Fdp%2FB0FGW9GHRX%2Fref%3Dsr_1_20_sspa%3Fcrid%3D3UD0HZDEGZ2PT%26dib%3DeyJ2IjoiMSJ9.rsRuWNAZIB5bJy_6apC1D6fViCnWRiArbSkeDUxcunNRpYfEX2q__cT3x02aZFhXWIjPAUUVfrLxdpUcTZNh-4bj9A7jW-CNxDjtRnLzIaK3U623ZVoeyq_65dpvZm51SWudK4FhdhwOYxZijWk0NGFE6FJ3LByZBfMExzE-Hv2Jv7Z_iVka4NBH5ElG7tXe_OEM84M5WyNsPNZ9jrWR6_Lj-LfvyIlDgth2lKRf6GuqlJquu8l601mCKr85IFgqZT1gqLj5dY90tqHvwKv7wL6ihdmwWBX-fg9aM3K-qiQ.62hhOMs03pOBJCAqa00pasq8FWHYmegpC4b8FWCUn7M%26dib_tag%3Dse%26keywords%3Dhats%26qid%3D1759275853%26sprefix%3Dha%252Caps%252C230%26sr%3D8-20-spons%26sp_csd%3Dd2lkZ2V0TmFtZT1zcF9tdGY%26psc%3D1
Embroiderd Baseball Cap Vintage Washed Cotton Hat,$18.99 $ 18 . 99,False,False,/sspa/click?ie=UTF8&spc=MTo1Njg2OTUwOTg5MDk3NDU5OjE3NTkyNzU4NTM6c3BfbXRmOjMwMDkyNjc0Mzc1OTEwMjo6MDo6&url=%2FEmbroiderd-Baseball-Vintage-Washed-Cotton%2Fdp%2FB0FNDH6TD2%2Fref%3Dsr_1_21_sspa%3Fcrid%3D3UD0HZDEGZ2PT%26dib%3DeyJ2IjoiMSJ9.rsRuWNAZIB5bJy_6apC1D6fViCnWRiArbSkeDUxcunNRpYfEX2q__cT3x02aZFhXWIjPAUUVfrLxdpUcTZNh-4bj9A7jW-CNxDjtRnLzIaK3U623ZVoeyq_65dpvZm51SWudK4FhdhwOYxZijWk0NGFE6FJ3LByZBfMExzE-Hv2Jv7Z_iVka4NBH5ElG7tXe_OEM84M5WyNsPNZ9jrWR6_Lj-LfvyIlDgth2lKRf6GuqlJquu8l601mCKr85IFgqZT1gqLj5dY90tqHvwKv7wL6ihdmwWBX-fg9aM3K-qiQ.62hhOMs03pOBJCAqa00pasq8FWHYmegpC4b8FWCUn7M%26dib_tag%3Dse%26keywords%3Dhats%26qid%3D1759275853%26sprefix%3Dha%252Caps%252C230%26sr%3D8-21-spons%26sp_csd%3Dd2lkZ2V0TmFtZT1zcF9tdGY%26psc%3D1
Funny Goose Hat Silly Goose On The Loose Hat Men Baseball Hats Funny Cap Black,,False,False,/sspa/click?ie=UTF8&spc=MTo1Njg2OTUwOTg5MDk3NDU5OjE3NTkyNzU4NTM6c3BfbXRmOjMwMDc5NTA1NTQ2MzUwMjo6MDo6&url=%2FFunny-Goose-Silly-Loose-Baseball%2Fdp%2FB0F7XRYHV8%2Fref%3Dsr_1_22_sspa%3Fcrid%3D3UD0HZDEGZ2PT%26dib%3DeyJ2IjoiMSJ9.rsRuWNAZIB5bJy_6apC1D6fViCnWRiArbSkeDUxcunNRpYfEX2q__cT3x02aZFhXWIjPAUUVfrLxdpUcTZNh-4bj9A7jW-CNxDjtRnLzIaK3U623ZVoeyq_65dpvZm51SWudK4FhdhwOYxZijWk0NGFE6FJ3LByZBfMExzE-Hv2Jv7Z_iVka4NBH5ElG7tXe_OEM84M5WyNsPNZ9jrWR6_Lj-LfvyIlDgth2lKRf6GuqlJquu8l601mCKr85IFgqZT1gqLj5dY90tqHvwKv7wL6ihdmwWBX-fg9aM3K-qiQ.62hhOMs03pOBJCAqa00pasq8FWHYmegpC4b8FWCUn7M%26dib_tag%3Dse%26keywords%3Dhats%26qid%3D1759275853%26sprefix%3Dha%252Caps%252C230%26sr%3D8-22-spons%26sp_csd%3Dd2lkZ2V0TmFtZT1zcF9tdGY%26psc%3D1
Baseball Cap Adjustable Size for Running Workouts and Outdoor Activities All Seasons,$8.50 $ 8 . 50,False,False,/Falari-Baseball-Adjustable-Solid-G001-01-Black/dp/B074CN1RF8/ref=sr_1_23?crid=3UD0HZDEGZ2PT&dib=eyJ2IjoiMSJ9.rsRuWNAZIB5bJy_6apC1D6fViCnWRiArbSkeDUxcunNRpYfEX2q__cT3x02aZFhXWIjPAUUVfrLxdpUcTZNh-4bj9A7jW-CNxDjtRnLzIaK3U623ZVoeyq_65dpvZm51SWudK4FhdhwOYxZijWk0NGFE6FJ3LByZBfMExzE-Hv2Jv7Z_iVka4NBH5ElG7tXe_OEM84M5WyNsPNZ9jrWR6_Lj-LfvyIlDgth2lKRf6GuqlJquu8l601mCKr85IFgqZT1gqLj5dY90tqHvwKv7wL6ihdmwWBX-fg9aM3K-qiQ.62hhOMs03pOBJCAqa00pasq8FWHYmegpC4b8FWCUn7M&dib_tag=se&keywords=hats&qid=1759275853&sprefix=ha%2Caps%2C230&sr=8-23
"Brand MLB New York Yankees Branson Cap B-BRANS17CTP, Unisex",$29.99 $ 29 . 99,False,False,/47-Khaki-Clean-Adjustable-Yankees/dp/B07YQ5ZVPJ/ref=sr_1_24?crid=3UD0HZDEGZ2PT&dib=eyJ2IjoiMSJ9.rsRuWNAZIB5bJy_6apC1D6fViCnWRiArbSkeDUxcunNRpYfEX2q__cT3x02aZFhXWIjPAUUVfrLxdpUcTZNh-4bj9A7jW-CNxDjtRnLzIaK3U623ZVoeyq_65dpvZm51SWudK4FhdhwOYxZijWk0NGFE6FJ3LByZBfMExzE-Hv2Jv7Z_iVka4NBH5ElG7tXe_OEM84M5WyNsPNZ9jrWR6_Lj-LfvyIlDgth2lKRf6GuqlJquu8l601mCKr85IFgqZT1gqLj5dY90tqHvwKv7wL6ihdmwWBX-fg9aM3K-qiQ.62hhOMs03pOBJCAqa00pasq8FWHYmegpC4b8FWCUn7M&dib_tag=se&keywords=hats&qid=1759275853&sprefix=ha%2Caps%2C230&sr=8-24
Baseball Cap Golf Dad Hat Adjustable Original Classic Low Profile Cotton Hat Unconstructed Plain Cap Men Women,$6.75 $ 6 . 75,False,True,/NPJY-Vintage-Distressed-Baseball-Adjustable/dp/B0C5JTMSCM/ref=sr_1_25?crid=3UD0HZDEGZ2PT&dib=eyJ2IjoiMSJ9.rsRuWNAZIB5bJy_6apC1D6fViCnWRiArbSkeDUxcunNRpYfEX2q__cT3x02aZFhXWIjPAUUVfrLxdpUcTZNh-4bj9A7jW-CNxDjtRnLzIaK3U623ZVoeyq_65dpvZm51SWudK4FhdhwOYxZijWk0NGFE6FJ3LByZBfMExzE-Hv2Jv7Z_iVka4NBH5ElG7tXe_OEM84M5WyNsPNZ9jrWR6_Lj-LfvyIlDgth2lKRf6GuqlJquu8l601mCKr85IFgqZT1gqLj5dY90tqHvwKv7wL6ihdmwWBX-fg9aM3K-qiQ.62hhOMs03pOBJCAqa00pasq8FWHYmegpC4b8FWCUn7M&dib_tag=se&keywords=hats&qid=1759275853&sprefix=ha%2Caps%2C230&sr=8-25
Womens Mens Wide Brim Straw Panama Hat Fedora Summer Beach Sun Hats UPF Straw Hat for Women,$25.99 $ 25 . 99,False,False,/Summer-Panama-Straw-Fedora-Beach/dp/B07BNNNSX5/ref=sr_1_26?crid=3UD0HZDEGZ2PT&dib=eyJ2IjoiMSJ9.rsRuWNAZIB5bJy_6apC1D6fViCnWRiArbSkeDUxcunNRpYfEX2q__cT3x02aZFhXWIjPAUUVfrLxdpUcTZNh-4bj9A7jW-CNxDjtRnLzIaK3U623ZVoeyq_65dpvZm51SWudK4FhdhwOYxZijWk0NGFE6FJ3LByZBfMExzE-Hv2Jv7Z_iVka4NBH5ElG7tXe_OEM84M5WyNsPNZ9jrWR6_Lj-LfvyIlDgth2lKRf6GuqlJquu8l601mCKr85IFgqZT1gqLj5dY90tqHvwKv7wL6ihdmwWBX-fg9aM3K-qiQ.62hhOMs03pOBJCAqa00pasq8FWHYmegpC4b8FWCUn7M&dib_tag=se&keywords=hats&qid=1759275853&sprefix=ha%2Caps%2C230&sr=8-26
New York Yankees Adjustable Cap Clean Up MLB,$34.99 $ 34 . 99,False,False,/47-Brand-York-Yankees-Clean/dp/B01FXPG1UO/ref=sr_1_27?crid=3UD0HZDEGZ2PT&dib=eyJ2IjoiMSJ9.rsRuWNAZIB5bJy_6apC1D6fViCnWRiArbSkeDUxcunNRpYfEX2q__cT3x02aZFhXWIjPAUUVfrLxdpUcTZNh-4bj9A7jW-CNxDjtRnLzIaK3U623ZVoeyq_65dpvZm51SWudK4FhdhwOYxZijWk0NGFE6FJ3LByZBfMExzE-Hv2Jv7Z_iVka4NBH5ElG7tXe_OEM84M5WyNsPNZ9jrWR6_Lj-LfvyIlDgth2lKRf6GuqlJquu8l601mCKr85IFgqZT1gqLj5dY90tqHvwKv7wL6ihdmwWBX-fg9aM3K-qiQ.62hhOMs03pOBJCAqa00pasq8FWHYmegpC4b8FWCUn7M&dib_tag=se&keywords=hats&qid=1759275853&sprefix=ha%2Caps%2C230&sr=8-27
MLB Khaki Core Classic 9TWENTY Adjustable Hat Cap One Size Fits All,$27.99 $ 27 . 99,False,False,/New-Era-Classic-9TWENTY-Adjustable/dp/B0BS1PGNKW/ref=sr_1_28?crid=3UD0HZDEGZ2PT&dib=eyJ2IjoiMSJ9.rsRuWNAZIB5bJy_6apC1D6fViCnWRiArbSkeDUxcunNRpYfEX2q__cT3x02aZFhXWIjPAUUVfrLxdpUcTZNh-4bj9A7jW-CNxDjtRnLzIaK3U623ZVoeyq_65dpvZm51SWudK4FhdhwOYxZijWk0NGFE6FJ3LByZBfMExzE-Hv2Jv7Z_iVka4NBH5ElG7tXe_OEM84M5WyNsPNZ9jrWR6_Lj-LfvyIlDgth2lKRf6GuqlJquu8l601mCKr85IFgqZT1gqLj5dY90tqHvwKv7wL6ihdmwWBX-fg9aM3K-qiQ.62hhOMs03pOBJCAqa00pasq8FWHYmegpC4b8FWCUn7M&dib_tag=se&keywords=hats&qid=1759275853&sprefix=ha%2Caps%2C230&sr=8-28
mens Snapback,$33.00 $ 33 . 00,False,False,/New-Era-Adjustable-Snapback-Angeles/dp/B0BW9XX75V/ref=sr_1_29?crid=3UD0HZDEGZ2PT&dib=eyJ2IjoiMSJ9.rsRuWNAZIB5bJy_6apC1D6fViCnWRiArbSkeDUxcunNRpYfEX2q__cT3x02aZFhXWIjPAUUVfrLxdpUcTZNh-4bj9A7jW-CNxDjtRnLzIaK3U623ZVoeyq_65dpvZm51SWudK4FhdhwOYxZijWk0NGFE6FJ3LByZBfMExzE-Hv2Jv7Z_iVka4NBH5ElG7tXe_OEM84M5WyNsPNZ9jrWR6_Lj-LfvyIlDgth2lKRf6GuqlJquu8l601mCKr85IFgqZT1gqLj5dY90tqHvwKv7wL6ihdmwWBX-fg9aM3K-qiQ.62hhOMs03pOBJCAqa00pasq8FWHYmegpC4b8FWCUn7M&dib_tag=se&keywords=hats&qid=1759275853&sprefix=ha%2Caps%2C230&sr=8-29
Men Flat Brim Adjustable Performance Hat Snapback Laser Perforated Baseball Cap,,False,False,/FEINION-Baseball-Adjustable-Performance-Perforated/dp/B0CWZYSCZY/ref=sr_1_30?crid=3UD0HZDEGZ2PT&dib=eyJ2IjoiMSJ9.rsRuWNAZIB5bJy_6apC1D6fViCnWRiArbSkeDUxcunNRpYfEX2q__cT3x02aZFhXWIjPAUUVfrLxdpUcTZNh-4bj9A7jW-CNxDjtRnLzIaK3U623ZVoeyq_65dpvZm51SWudK4FhdhwOYxZijWk0NGFE6FJ3LByZBfMExzE-Hv2Jv7Z_iVka4NBH5ElG7tXe_OEM84M5WyNsPNZ9jrWR6_Lj-LfvyIlDgth2lKRf6GuqlJquu8l601mCKr85IFgqZT1gqLj5dY90tqHvwKv7wL6ihdmwWBX-fg9aM3K-qiQ.62hhOMs03pOBJCAqa00pasq8FWHYmegpC4b8FWCUn7M&dib_tag=se&keywords=hats&qid=1759275853&sprefix=ha%2Caps%2C230&sr=8-30
Sun Hats for Men Women Bucket Hat UPF 50+ Boonie Hat Foldable UV Protection Hiking Beach Fishing Summer Safari,$8.54 $ 8 . 54,False,False,/Bucket-Foldable-Protection-Fishing-1pack-Beige/dp/B0BNPD4SMJ/ref=sr_1_31?crid=3UD0HZDEGZ2PT&dib=eyJ2IjoiMSJ9.rsRuWNAZIB5bJy_6apC1D6fViCnWRiArbSkeDUxcunNRpYfEX2q__cT3x02aZFhXWIjPAUUVfrLxdpUcTZNh-4bj9A7jW-CNxDjtRnLzIaK3U623ZVoeyq_65dpvZm51SWudK4FhdhwOYxZijWk0NGFE6FJ3LByZBfMExzE-Hv2Jv7Z_iVka4NBH5ElG7tXe_OEM84M5WyNsPNZ9jrWR6_Lj-LfvyIlDgth2lKRf6GuqlJquu8l601mCKr85IFgqZT1gqLj5dY90tqHvwKv7wL6ihdmwWBX-fg9aM3K-qiQ.62hhOMs03pOBJCAqa00pasq8FWHYmegpC4b8FWCUn7M&dib_tag=se&keywords=hats&qid=1759275853&sprefix=ha%2Caps%2C230&sr=8-31
Wholesale Bulk Lot 12-Pack Baseball Cap Adjustable Size Plain Blank Solid Color,$29.99 $ 29 . 99,False,False,/Wholesale-12-Pack-Baseball-Adjustable-Plain/dp/B0CM8DFXV3/ref=sr_1_32?crid=3UD0HZDEGZ2PT&dib=eyJ2IjoiMSJ9.rsRuWNAZIB5bJy_6apC1D6fViCnWRiArbSkeDUxcunNRpYfEX2q__cT3x02aZFhXWIjPAUUVfrLxdpUcTZNh-4bj9A7jW-CNxDjtRnLzIaK3U623ZVoeyq_65dpvZm51SWudK4FhdhwOYxZijWk0NGFE6FJ3LByZBfMExzE-Hv2Jv7Z_iVka4NBH5ElG7tXe_OEM84M5WyNsPNZ9jrWR6_Lj-LfvyIlDgth2lKRf6GuqlJquu8l601mCKr85IFgqZT1gqLj5dY90tqHvwKv7wL6ihdmwWBX-fg9aM3K-qiQ.62hhOMs03pOBJCAqa00pasq8FWHYmegpC4b8FWCUn7M&dib_tag=se&keywords=hats&qid=1759275853&sprefix=ha%2Caps%2C230&sr=8-32
Classic Cotton Adjustable Low Crown Cotton Baseball Cap,$10.99 $ 10 . 99,False,False,/KB-Low-Classic-Adjustable-Profile-Unstructured/dp/B00IELAW28/ref=sr_1_33?crid=3UD0HZDEGZ2PT&dib=eyJ2IjoiMSJ9.rsRuWNAZIB5bJy_6apC1D6fViCnWRiArbSkeDUxcunNRpYfEX2q__cT3x02aZFhXWIjPAUUVfrLxdpUcTZNh-4bj9A7jW-CNxDjtRnLzIaK3U623ZVoeyq_65dpvZm51SWudK4FhdhwOYxZijWk0NGFE6FJ3LByZBfMExzE-Hv2Jv7Z_iVka4NBH5ElG7tXe_OEM84M5WyNsPNZ9jrWR6_Lj-LfvyIlDgth2lKRf6GuqlJquu8l601mCKr85IFgqZT1gqLj5dY90tqHvwKv7wL6ihdmwWBX-fg9aM3K-qiQ.62hhOMs03pOBJCAqa00pasq8FWHYmegpC4b8FWCUn7M&dib_tag=se&keywords=hats&qid=1759275853&sprefix=ha%2Caps%2C230&sr=8-33
"Brand MLB Black Black Primary Logo Clean Up Adjustable Baseball Cap Hat, Adult One Size Fits All",$34.99 $ 34 . 99,False,False,/47-Black-Clean-Adjustable-Yankees/dp/B0C6N8XBJB/ref=sr_1_34?crid=3UD0HZDEGZ2PT&dib=eyJ2IjoiMSJ9.rsRuWNAZIB5bJy_6apC1D6fViCnWRiArbSkeDUxcunNRpYfEX2q__cT3x02aZFhXWIjPAUUVfrLxdpUcTZNh-4bj9A7jW-CNxDjtRnLzIaK3U623ZVoeyq_65dpvZm51SWudK4FhdhwOYxZijWk0NGFE6FJ3LByZBfMExzE-Hv2Jv7Z_iVka4NBH5ElG7tXe_OEM84M5WyNsPNZ9jrWR6_Lj-LfvyIlDgth2lKRf6GuqlJquu8l601mCKr85IFgqZT1gqLj5dY90tqHvwKv7wL6ihdmwWBX-fg9aM3K-qiQ.62hhOMs03pOBJCAqa00pasq8FWHYmegpC4b8FWCUn7M&dib_tag=se&keywords=hats&qid=1759275853&sprefix=ha%2Caps%2C230&sr=8-34
Men's Cotton Flat Ivy Gatsby Newsboy Driving Hat Cap,$12.99 $ 12 . 99,False,False,/VOBOOM-Cotton-Newsboy-Driving-Style2-Black/dp/B07924BTJV/ref=sr_1_35?crid=3UD0HZDEGZ2PT&dib=eyJ2IjoiMSJ9.rsRuWNAZIB5bJy_6apC1D6fViCnWRiArbSkeDUxcunNRpYfEX2q__cT3x02aZFhXWIjPAUUVfrLxdpUcTZNh-4bj9A7jW-CNxDjtRnLzIaK3U623ZVoeyq_65dpvZm51SWudK4FhdhwOYxZijWk0NGFE6FJ3LByZBfMExzE-Hv2Jv7Z_iVka4NBH5ElG7tXe_OEM84M5WyNsPNZ9jrWR6_Lj-LfvyIlDgth2lKRf6GuqlJquu8l601mCKr85IFgqZT1gqLj5dY90tqHvwKv7wL6ihdmwWBX-fg9aM3K-qiQ.62hhOMs03pOBJCAqa00pasq8FWHYmegpC4b8FWCUn7M&dib_tag=se&keywords=hats&qid=1759275853&sprefix=ha%2Caps%2C230&sr=8-35
Men's California HWY Trucker Hat,$18.04 $ 18 . 04,False,False,/Rip-Curl-Mens-California-Trucker/dp/B0DGRDLCMQ/ref=sr_1_36?crid=3UD0HZDEGZ2PT&dib=eyJ2IjoiMSJ9.rsRuWNAZIB5bJy_6apC1D6fViCnWRiArbSkeDUxcunNRpYfEX2q__cT3x02aZFhXWIjPAUUVfrLxdpUcTZNh-4bj9A7jW-CNxDjtRnLzIaK3U623ZVoeyq_65dpvZm51SWudK4FhdhwOYxZijWk0NGFE6FJ3LByZBfMExzE-Hv2Jv7Z_iVka4NBH5ElG7tXe_OEM84M5WyNsPNZ9jrWR6_Lj-LfvyIlDgth2lKRf6GuqlJquu8l601mCKr85IFgqZT1gqLj5dY90tqHvwKv7wL6ihdmwWBX-fg9aM3K-qiQ.62hhOMs03pOBJCAqa00pasq8FWHYmegpC4b8FWCUn7M&dib_tag=se&keywords=hats&qid=1759275853&sprefix=ha%2Caps%2C230&sr=8-36
Men's Storm Launch Beanie,$28.00 $ 28 . 00,False,False,/Under-Armour-Standard-Launch-Reflective/dp/B0BGWH2FDM/ref=sr_1_37?crid=3UD0HZDEGZ2PT&dib=eyJ2IjoiMSJ9.rsRuWNAZIB5bJy_6apC1D6fViCnWRiArbSkeDUxcunNRpYfEX2q__cT3x02aZFhXWIjPAUUVfrLxdpUcTZNh-4bj9A7jW-CNxDjtRnLzIaK3U623ZVoeyq_65dpvZm51SWudK4FhdhwOYxZijWk0NGFE6FJ3LByZBfMExzE-Hv2Jv7Z_iVka4NBH5ElG7tXe_OEM84M5WyNsPNZ9jrWR6_Lj-LfvyIlDgth2lKRf6GuqlJquu8l601mCKr85IFgqZT1gqLj5dY90tqHvwKv7wL6ihdmwWBX-fg9aM3K-qiQ.62hhOMs03pOBJCAqa00pasq8FWHYmegpC4b8FWCUn7M&dib_tag=se&keywords=hats&qid=1759275853&sprefix=ha%2Caps%2C230&sr=8-37
Men's Blitzing Cap Stretch Fit,$28.00 $ 28 . 00,False,False,/Under-Armour-Standard-Blitzing-Stretch/dp/B09WCXWZ68/ref=sr_1_38?crid=3UD0HZDEGZ2PT&dib=eyJ2IjoiMSJ9.rsRuWNAZIB5bJy_6apC1D6fViCnWRiArbSkeDUxcunNRpYfEX2q__cT3x02aZFhXWIjPAUUVfrLxdpUcTZNh-4bj9A7jW-CNxDjtRnLzIaK3U623ZVoeyq_65dpvZm51SWudK4FhdhwOYxZijWk0NGFE6FJ3LByZBfMExzE-Hv2Jv7Z_iVka4NBH5ElG7tXe_OEM84M5WyNsPNZ9jrWR6_Lj-LfvyIlDgth2lKRf6GuqlJquu8l601mCKr85IFgqZT1gqLj5dY90tqHvwKv7wL6ihdmwWBX-fg9aM3K-qiQ.62hhOMs03pOBJCAqa00pasq8FWHYmegpC4b8FWCUn7M&dib_tag=se&keywords=hats&qid=1759275853&sprefix=ha%2Caps%2C230&sr=8-38
Men Quick Dry Baseball Cap Laser Cut Mesh Ball Curved Brim Snapback Hat,$16.99 $ 16 . 99,False,False,/VOBOOM-Quick-Baseball-Curved-Snapback/dp/B0C8J383KK/ref=sr_1_39?crid=3UD0HZDEGZ2PT&dib=eyJ2IjoiMSJ9.rsRuWNAZIB5bJy_6apC1D6fViCnWRiArbSkeDUxcunNRpYfEX2q__cT3x02aZFhXWIjPAUUVfrLxdpUcTZNh-4bj9A7jW-CNxDjtRnLzIaK3U623ZVoeyq_65dpvZm51SWudK4FhdhwOYxZijWk0NGFE6FJ3LByZBfMExzE-Hv2Jv7Z_iVka4NBH5ElG7tXe_OEM84M5WyNsPNZ9jrWR6_Lj-LfvyIlDgth2lKRf6GuqlJquu8l601mCKr85IFgqZT1gqLj5dY90tqHvwKv7wL6ihdmwWBX-fg9aM3K-qiQ.62hhOMs03pOBJCAqa00pasq8FWHYmegpC4b8FWCUn7M&dib_tag=se&keywords=hats&qid=1759275853&sprefix=ha%2Caps%2C230&sr=8-39
Mens Hat – Phantom Flexfit Fitted Baseball Cap,$29.99 $ 29 . 99,False,False,/Hurley-Mens-Utility-Black-L/dp/B096WBLLN7/ref=sr_1_40?crid=3UD0HZDEGZ2PT&dib=eyJ2IjoiMSJ9.rsRuWNAZIB5bJy_6apC1D6fViCnWRiArbSkeDUxcunNRpYfEX2q__cT3x02aZFhXWIjPAUUVfrLxdpUcTZNh-4bj9A7jW-CNxDjtRnLzIaK3U623ZVoeyq_65dpvZm51SWudK4FhdhwOYxZijWk0NGFE6FJ3LByZBfMExzE-Hv2Jv7Z_iVka4NBH5ElG7tXe_OEM84M5WyNsPNZ9jrWR6_Lj-LfvyIlDgth2lKRf6GuqlJquu8l601mCKr85IFgqZT1gqLj5dY90tqHvwKv7wL6ihdmwWBX-fg9aM3K-qiQ.62hhOMs03pOBJCAqa00pasq8FWHYmegpC4b8FWCUn7M&dib_tag=se&keywords=hats&qid=1759275853&sprefix=ha%2Caps%2C230&sr=8-40
Los Angeles Dodgers Olive MLB Ballpark Camo Clean Up Cap,$25.55 $ 25 . 55,False,False,/47-Brand-Strapback-Cap-Dodgers/dp/B07V5W9H94/ref=sr_1_41?crid=3UD0HZDEGZ2PT&dib=eyJ2IjoiMSJ9.rsRuWNAZIB5bJy_6apC1D6fViCnWRiArbSkeDUxcunNRpYfEX2q__cT3x02aZFhXWIjPAUUVfrLxdpUcTZNh-4bj9A7jW-CNxDjtRnLzIaK3U623ZVoeyq_65dpvZm51SWudK4FhdhwOYxZijWk0NGFE6FJ3LByZBfMExzE-Hv2Jv7Z_iVka4NBH5ElG7tXe_OEM84M5WyNsPNZ9jrWR6_Lj-LfvyIlDgth2lKRf6GuqlJquu8l601mCKr85IFgqZT1gqLj5dY90tqHvwKv7wL6ihdmwWBX-fg9aM3K-qiQ.62hhOMs03pOBJCAqa00pasq8FWHYmegpC4b8FWCUn7M&dib_tag=se&keywords=hats&qid=1759275853&sprefix=ha%2Caps%2C230&sr=8-41
Adult Mountain Dad Hat-Unstructured Soft Cotton,$15.50 $ 15 . 50,False,False,/Outdoor-Cap-Mountain-Hat-Unstructured-Charcoal/dp/B077KD6D9Z/ref=sr_1_42?crid=3UD0HZDEGZ2PT&dib=eyJ2IjoiMSJ9.rsRuWNAZIB5bJy_6apC1D6fViCnWRiArbSkeDUxcunNRpYfEX2q__cT3x02aZFhXWIjPAUUVfrLxdpUcTZNh-4bj9A7jW-CNxDjtRnLzIaK3U623ZVoeyq_65dpvZm51SWudK4FhdhwOYxZijWk0NGFE6FJ3LByZBfMExzE-Hv2Jv7Z_iVka4NBH5ElG7tXe_OEM84M5WyNsPNZ9jrWR6_Lj-LfvyIlDgth2lKRf6GuqlJquu8l601mCKr85IFgqZT1gqLj5dY90tqHvwKv7wL6ihdmwWBX-fg9aM3K-qiQ.62hhOMs03pOBJCAqa00pasq8FWHYmegpC4b8FWCUn7M&dib_tag=se&keywords=hats&qid=1759275853&sprefix=ha%2Caps%2C230&sr=8-42
Brand Adjustable Cap - Clean UP LA Dodgers,$37.37 $ 37 . 37,False,False,/47-Angeles-Dodgers-Washed-Vintage/dp/B081S3V4J2/ref=sr_1_43?crid=3UD0HZDEGZ2PT&dib=eyJ2IjoiMSJ9.rsRuWNAZIB5bJy_6apC1D6fViCnWRiArbSkeDUxcunNRpYfEX2q__cT3x02aZFhXWIjPAUUVfrLxdpUcTZNh-4bj9A7jW-CNxDjtRnLzIaK3U623ZVoeyq_65dpvZm51SWudK4FhdhwOYxZijWk0NGFE6FJ3LByZBfMExzE-Hv2Jv7Z_iVka4NBH5ElG7tXe_OEM84M5WyNsPNZ9jrWR6_Lj-LfvyIlDgth2lKRf6GuqlJquu8l601mCKr85IFgqZT1gqLj5dY90tqHvwKv7wL6ihdmwWBX-fg9aM3K-qiQ.62hhOMs03pOBJCAqa00pasq8FWHYmegpC4b8FWCUn7M&dib_tag=se&keywords=hats&qid=1759275853&sprefix=ha%2Caps%2C230&sr=8-43
Men's Iso-chill ArmourVent Fitted Baseball Cap,$28.00 $ 28 . 00,False,False,/Under-Armour-Iso-Chill-Armourvent-Baseball/dp/B089MNFKCF/ref=sr_1_44?crid=3UD0HZDEGZ2PT&dib=eyJ2IjoiMSJ9.rsRuWNAZIB5bJy_6apC1D6fViCnWRiArbSkeDUxcunNRpYfEX2q__cT3x02aZFhXWIjPAUUVfrLxdpUcTZNh-4bj9A7jW-CNxDjtRnLzIaK3U623ZVoeyq_65dpvZm51SWudK4FhdhwOYxZijWk0NGFE6FJ3LByZBfMExzE-Hv2Jv7Z_iVka4NBH5ElG7tXe_OEM84M5WyNsPNZ9jrWR6_Lj-LfvyIlDgth2lKRf6GuqlJquu8l601mCKr85IFgqZT1gqLj5dY90tqHvwKv7wL6ihdmwWBX-fg9aM3K-qiQ.62hhOMs03pOBJCAqa00pasq8FWHYmegpC4b8FWCUn7M&dib_tag=se&keywords=hats&qid=1759275853&sprefix=ha%2Caps%2C230&sr=8-44
Mesh Trucker Hat Baseball Cap Structured Front Panel Wholesale LOT 12 Pack,$29.99 $ 29 . 99,False,False,/Gelante-Trucker-Baseball-Structured-Wholesale/dp/B0C211MC58/ref=sr_1_45?crid=3UD0HZDEGZ2PT&dib=eyJ2IjoiMSJ9.rsRuWNAZIB5bJy_6apC1D6fViCnWRiArbSkeDUxcunNRpYfEX2q__cT3x02aZFhXWIjPAUUVfrLxdpUcTZNh-4bj9A7jW-CNxDjtRnLzIaK3U623ZVoeyq_65dpvZm51SWudK4FhdhwOYxZijWk0NGFE6FJ3LByZBfMExzE-Hv2Jv7Z_iVka4NBH5ElG7tXe_OEM84M5WyNsPNZ9jrWR6_Lj-LfvyIlDgth2lKRf6GuqlJquu8l601mCKr85IFgqZT1gqLj5dY90tqHvwKv7wL6ihdmwWBX-fg9aM3K-qiQ.62hhOMs03pOBJCAqa00pasq8FWHYmegpC4b8FWCUn7M&dib_tag=se&keywords=hats&qid=1759275853&sprefix=ha%2Caps%2C230&sr=8-45
20 Pack Baseball Cap Blank Trucker Hats Bulk Wholesale Hats Adjustable Plain for Men Women,$38.99 $ 38 . 99,False,False,/LYDTICK-Baseball-Wholesale-Sublimation-Adjustable/dp/B0D17ZDK3W/ref=sr_1_46?crid=3UD0HZDEGZ2PT&dib=eyJ2IjoiMSJ9.rsRuWNAZIB5bJy_6apC1D6fViCnWRiArbSkeDUxcunNRpYfEX2q__cT3x02aZFhXWIjPAUUVfrLxdpUcTZNh-4bj9A7jW-CNxDjtRnLzIaK3U623ZVoeyq_65dpvZm51SWudK4FhdhwOYxZijWk0NGFE6FJ3LByZBfMExzE-Hv2Jv7Z_iVka4NBH5ElG7tXe_OEM84M5WyNsPNZ9jrWR6_Lj-LfvyIlDgth2lKRf6GuqlJquu8l601mCKr85IFgqZT1gqLj5dY90tqHvwKv7wL6ihdmwWBX-fg9aM3K-qiQ.62hhOMs03pOBJCAqa00pasq8FWHYmegpC4b8FWCUn7M&dib_tag=se&keywords=hats&qid=1759275853&sprefix=ha%2Caps%2C230&sr=8-46
Adjustable Baseball Cap Men Retro Style Baseball Hat Women,$4.98 $ 4 . 98,False,False,/Volyers-Adjustable-Baseball-Retro-Medium/dp/B0DJP3J6NF/ref=sr_1_47?crid=3UD0HZDEGZ2PT&dib=eyJ2IjoiMSJ9.rsRuWNAZIB5bJy_6apC1D6fViCnWRiArbSkeDUxcunNRpYfEX2q__cT3x02aZFhXWIjPAUUVfrLxdpUcTZNh-4bj9A7jW-CNxDjtRnLzIaK3U623ZVoeyq_65dpvZm51SWudK4FhdhwOYxZijWk0NGFE6FJ3LByZBfMExzE-Hv2Jv7Z_iVka4NBH5ElG7tXe_OEM84M5WyNsPNZ9jrWR6_Lj-LfvyIlDgth2lKRf6GuqlJquu8l601mCKr85IFgqZT1gqLj5dY90tqHvwKv7wL6ihdmwWBX-fg9aM3K-qiQ.62hhOMs03pOBJCAqa00pasq8FWHYmegpC4b8FWCUn7M&dib_tag=se&keywords=hats&qid=1759275853&sprefix=ha%2Caps%2C230&sr=8-47
Men's Ballcap,,False,False,/Richardson-Adult-Unisex-Mesh-Adjustable/dp/B00HLFHWKS/ref=sr_1_48?crid=3UD0HZDEGZ2PT&dib=eyJ2IjoiMSJ9.rsRuWNAZIB5bJy_6apC1D6fViCnWRiArbSkeDUxcunNRpYfEX2q__cT3x02aZFhXWIjPAUUVfrLxdpUcTZNh-4bj9A7jW-CNxDjtRnLzIaK3U623ZVoeyq_65dpvZm51SWudK4FhdhwOYxZijWk0NGFE6FJ3LByZBfMExzE-Hv2Jv7Z_iVka4NBH5ElG7tXe_OEM84M5WyNsPNZ9jrWR6_Lj-LfvyIlDgth2lKRf6GuqlJquu8l601mCKr85IFgqZT1gqLj5dY90tqHvwKv7wL6ihdmwWBX-fg9aM3K-qiQ.62hhOMs03pOBJCAqa00pasq8FWHYmegpC4b8FWCUn7M&dib_tag=se&keywords=hats&qid=1759275853&sprefix=ha%2Caps%2C230&sr=8-48
"Brand MLB Moss Green Primary Logo Clean Up Adjustable Strap Baseball Cap Hat, Adult One Size Fits All",$30.65 $ 30 . 65,False,False,/47-Brand-Primary-Adjustable-Baseball/dp/B0DSLWR2NF/ref=sr_1_49?crid=3UD0HZDEGZ2PT&dib=eyJ2IjoiMSJ9.rsRuWNAZIB5bJy_6apC1D6fViCnWRiArbSkeDUxcunNRpYfEX2q__cT3x02aZFhXWIjPAUUVfrLxdpUcTZNh-4bj9A7jW-CNxDjtRnLzIaK3U623ZVoeyq_65dpvZm51SWudK4FhdhwOYxZijWk0NGFE6FJ3LByZBfMExzE-Hv2Jv7Z_iVka4NBH5ElG7tXe_OEM84M5WyNsPNZ9jrWR6_Lj-LfvyIlDgth2lKRf6GuqlJquu8l601mCKr85IFgqZT1gqLj5dY90tqHvwKv7wL6ihdmwWBX-fg9aM3K-qiQ.62hhOMs03pOBJCAqa00pasq8FWHYmegpC4b8FWCUn7M&dib_tag=se&keywords=hats&qid=1759275853&sprefix=ha%2Caps%2C230&sr=8-49
Men's Iso-chill ArmourVent Stretch Fit Hat,$30.00 $ 30 . 00,False,False,/Under-Armour-Standard-Iso-Chill-ArmourVent/dp/B0C12TRHRQ/ref=sr_1_50?crid=3UD0HZDEGZ2PT&dib=eyJ2IjoiMSJ9.rsRuWNAZIB5bJy_6apC1D6fViCnWRiArbSkeDUxcunNRpYfEX2q__cT3x02aZFhXWIjPAUUVfrLxdpUcTZNh-4bj9A7jW-CNxDjtRnLzIaK3U623ZVoeyq_65dpvZm51SWudK4FhdhwOYxZijWk0NGFE6FJ3LByZBfMExzE-Hv2Jv7Z_iVka4NBH5ElG7tXe_OEM84M5WyNsPNZ9jrWR6_Lj-LfvyIlDgth2lKRf6GuqlJquu8l601mCKr85IFgqZT1gqLj5dY90tqHvwKv7wL6ihdmwWBX-fg9aM3K-qiQ.62hhOMs03pOBJCAqa00pasq8FWHYmegpC4b8FWCUn7M&dib_tag=se&keywords=hats&qid=1759275853&sprefix=ha%2Caps%2C230&sr=8-50
"Unisex Cotton Twill Fitted Baseball Cap, Black, Large-X-Large",$10.52 $ 10 . 52,False,False,/Flexfit-Cotton-Twill-Fitted-Black/dp/B073DV1J8G/ref=sr_1_51?crid=3UD0HZDEGZ2PT&dib=eyJ2IjoiMSJ9.rsRuWNAZIB5bJy_6apC1D6fViCnWRiArbSkeDUxcunNRpYfEX2q__cT3x02aZFhXWIjPAUUVfrLxdpUcTZNh-4bj9A7jW-CNxDjtRnLzIaK3U623ZVoeyq_65dpvZm51SWudK4FhdhwOYxZijWk0NGFE6FJ3LByZBfMExzE-Hv2Jv7Z_iVka4NBH5ElG7tXe_OEM84M5WyNsPNZ9jrWR6_Lj-LfvyIlDgth2lKRf6GuqlJquu8l601mCKr85IFgqZT1gqLj5dY90tqHvwKv7wL6ihdmwWBX-fg9aM3K-qiQ.62hhOMs03pOBJCAqa00pasq8FWHYmegpC4b8FWCUn7M&dib_tag=se&keywords=hats&qid=1759275853&sprefix=ha%2Caps%2C230&sr=8-51
Men's 518015-010 Tech Swoosh Cap,$24.67 $ 24 . 67,False,False,/Nike-Team-Campus-Cap-102699/dp/B015RK4JXQ/ref=sr_1_52?crid=3UD0HZDEGZ2PT&dib=eyJ2IjoiMSJ9.rsRuWNAZIB5bJy_6apC1D6fViCnWRiArbSkeDUxcunNRpYfEX2q__cT3x02aZFhXWIjPAUUVfrLxdpUcTZNh-4bj9A7jW-CNxDjtRnLzIaK3U623ZVoeyq_65dpvZm51SWudK4FhdhwOYxZijWk0NGFE6FJ3LByZBfMExzE-Hv2Jv7Z_iVka4NBH5ElG7tXe_OEM84M5WyNsPNZ9jrWR6_Lj-LfvyIlDgth2lKRf6GuqlJquu8l601mCKr85IFgqZT1gqLj5dY90tqHvwKv7wL6ihdmwWBX-fg9aM3K-qiQ.62hhOMs03pOBJCAqa00pasq8FWHYmegpC4b8FWCUn7M&dib_tag=se&keywords=hats&qid=1759275853&sprefix=ha%2Caps%2C230&sr=8-52
Men's A18 Acrylic Watch Cap,$19.99 $ 19 . 99,False,False,/Carhartt-Acrylic-Bright-Orange-Size/dp/B002G9UEFY/ref=sr_1_53?crid=3UD0HZDEGZ2PT&dib=eyJ2IjoiMSJ9.rsRuWNAZIB5bJy_6apC1D6fViCnWRiArbSkeDUxcunNRpYfEX2q__cT3x02aZFhXWIjPAUUVfrLxdpUcTZNh-4bj9A7jW-CNxDjtRnLzIaK3U623ZVoeyq_65dpvZm51SWudK4FhdhwOYxZijWk0NGFE6FJ3LByZBfMExzE-Hv2Jv7Z_iVka4NBH5ElG7tXe_OEM84M5WyNsPNZ9jrWR6_Lj-LfvyIlDgth2lKRf6GuqlJquu8l601mCKr85IFgqZT1gqLj5dY90tqHvwKv7wL6ihdmwWBX-fg9aM3K-qiQ.62hhOMs03pOBJCAqa00pasq8FWHYmegpC4b8FWCUn7M&dib_tag=se&keywords=hats&qid=1759275853&sprefix=ha%2Caps%2C230&sr=8-53
Athletic Baseball Fitted Cap Hat,$12.54 $ 12 . 54,False,False,/Flexfit-Athletic-Baseball-Fitted-Medium/dp/B073DWL72L/ref=sr_1_54?crid=3UD0HZDEGZ2PT&dib=eyJ2IjoiMSJ9.rsRuWNAZIB5bJy_6apC1D6fViCnWRiArbSkeDUxcunNRpYfEX2q__cT3x02aZFhXWIjPAUUVfrLxdpUcTZNh-4bj9A7jW-CNxDjtRnLzIaK3U623ZVoeyq_65dpvZm51SWudK4FhdhwOYxZijWk0NGFE6FJ3LByZBfMExzE-Hv2Jv7Z_iVka4NBH5ElG7tXe_OEM84M5WyNsPNZ9jrWR6_Lj-LfvyIlDgth2lKRf6GuqlJquu8l601mCKr85IFgqZT1gqLj5dY90tqHvwKv7wL6ihdmwWBX-fg9aM3K-qiQ.62hhOMs03pOBJCAqa00pasq8FWHYmegpC4b8FWCUn7M&dib_tag=se&keywords=hats&qid=1759275853&sprefix=ha%2Caps%2C230&sr=8-54
Men's Iso-chill ArmourVent Adjustable Hat,$30.00 $ 30 . 00,False,False,/Under-Armour-ArmourVent-Adjustable-Castlerock/dp/B0C13945CZ/ref=sr_1_55?crid=3UD0HZDEGZ2PT&dib=eyJ2IjoiMSJ9.rsRuWNAZIB5bJy_6apC1D6fViCnWRiArbSkeDUxcunNRpYfEX2q__cT3x02aZFhXWIjPAUUVfrLxdpUcTZNh-4bj9A7jW-CNxDjtRnLzIaK3U623ZVoeyq_65dpvZm51SWudK4FhdhwOYxZijWk0NGFE6FJ3LByZBfMExzE-Hv2Jv7Z_iVka4NBH5ElG7tXe_OEM84M5WyNsPNZ9jrWR6_Lj-LfvyIlDgth2lKRf6GuqlJquu8l601mCKr85IFgqZT1gqLj5dY90tqHvwKv7wL6ihdmwWBX-fg9aM3K-qiQ.62hhOMs03pOBJCAqa00pasq8FWHYmegpC4b8FWCUn7M&dib_tag=se&keywords=hats&qid=1759275853&sprefix=ha%2Caps%2C230&sr=8-55
"American Flag Trucker Hat - Snapback Hat, Baseball Cap for Men Women - Breathable Mesh Side, Adjustable Fit - for Casual Wear",,False,False,/American-Flag-Trucker-Hat-Breathable/dp/B09CTG33ZP/ref=sr_1_56?crid=3UD0HZDEGZ2PT&dib=eyJ2IjoiMSJ9.rsRuWNAZIB5bJy_6apC1D6fViCnWRiArbSkeDUxcunNRpYfEX2q__cT3x02aZFhXWIjPAUUVfrLxdpUcTZNh-4bj9A7jW-CNxDjtRnLzIaK3U623ZVoeyq_65dpvZm51SWudK4FhdhwOYxZijWk0NGFE6FJ3LByZBfMExzE-Hv2Jv7Z_iVka4NBH5ElG7tXe_OEM84M5WyNsPNZ9jrWR6_Lj-LfvyIlDgth2lKRf6GuqlJquu8l601mCKr85IFgqZT1gqLj5dY90tqHvwKv7wL6ihdmwWBX-fg9aM3K-qiQ.62hhOMs03pOBJCAqa00pasq8FWHYmegpC4b8FWCUn7M&dib_tag=se&keywords=hats&qid=1759275853&sprefix=ha%2Caps%2C230&sr=8-56
8 Pack Vintage Washed Baseball Cap Golf Dad Hat Distressed Cotton Plain Trucker Hats for Men Women,$19.99 $ 19 . 99,False,False,/LYDTICK-Vintage-Baseball-Distressed-Trucker/dp/B0FHH1MV26/ref=sr_1_57?crid=3UD0HZDEGZ2PT&dib=eyJ2IjoiMSJ9.rsRuWNAZIB5bJy_6apC1D6fViCnWRiArbSkeDUxcunNRpYfEX2q__cT3x02aZFhXWIjPAUUVfrLxdpUcTZNh-4bj9A7jW-CNxDjtRnLzIaK3U623ZVoeyq_65dpvZm51SWudK4FhdhwOYxZijWk0NGFE6FJ3LByZBfMExzE-Hv2Jv7Z_iVka4NBH5ElG7tXe_OEM84M5WyNsPNZ9jrWR6_Lj-LfvyIlDgth2lKRf6GuqlJquu8l601mCKr85IFgqZT1gqLj5dY90tqHvwKv7wL6ihdmwWBX-fg9aM3K-qiQ.62hhOMs03pOBJCAqa00pasq8FWHYmegpC4b8FWCUn7M&dib_tag=se&keywords=hats&qid=1759275853&sprefix=ha%2Caps%2C230&sr=8-57
Mens Superlite Hat – Lightweight Athletic Running Cap for Workouts,$24.99 $ 24 . 99,False,False,/adidas-Superlite-Athletic-Performance-Adjustable/dp/B0CHBLJ3ZH/ref=sr_1_58?crid=3UD0HZDEGZ2PT&dib=eyJ2IjoiMSJ9.rsRuWNAZIB5bJy_6apC1D6fViCnWRiArbSkeDUxcunNRpYfEX2q__cT3x02aZFhXWIjPAUUVfrLxdpUcTZNh-4bj9A7jW-CNxDjtRnLzIaK3U623ZVoeyq_65dpvZm51SWudK4FhdhwOYxZijWk0NGFE6FJ3LByZBfMExzE-Hv2Jv7Z_iVka4NBH5ElG7tXe_OEM84M5WyNsPNZ9jrWR6_Lj-LfvyIlDgth2lKRf6GuqlJquu8l601mCKr85IFgqZT1gqLj5dY90tqHvwKv7wL6ihdmwWBX-fg9aM3K-qiQ.62hhOMs03pOBJCAqa00pasq8FWHYmegpC4b8FWCUn7M&dib_tag=se&keywords=hats&qid=1759275853&sprefix=ha%2Caps%2C230&sr=8-58
"47 New York Yankees Thorn Clean Up Dad Hat Baseball Cap - Khaki/Rose, Khaki, Red",$33.99 $ 33 . 99,False,False,/47-Yankees-Thorn-Clean-Baseball/dp/B09VCRFX7S/ref=sr_1_59?crid=3UD0HZDEGZ2PT&dib=eyJ2IjoiMSJ9.rsRuWNAZIB5bJy_6apC1D6fViCnWRiArbSkeDUxcunNRpYfEX2q__cT3x02aZFhXWIjPAUUVfrLxdpUcTZNh-4bj9A7jW-CNxDjtRnLzIaK3U623ZVoeyq_65dpvZm51SWudK4FhdhwOYxZijWk0NGFE6FJ3LByZBfMExzE-Hv2Jv7Z_iVka4NBH5ElG7tXe_OEM84M5WyNsPNZ9jrWR6_Lj-LfvyIlDgth2lKRf6GuqlJquu8l601mCKr85IFgqZT1gqLj5dY90tqHvwKv7wL6ihdmwWBX-fg9aM3K-qiQ.62hhOMs03pOBJCAqa00pasq8FWHYmegpC4b8FWCUn7M&dib_tag=se&keywords=hats&qid=1759275853&sprefix=ha%2Caps%2C230&sr=8-59
"Unisex Mesh Fitted 2-Tone Trucker Hat, Charcoal/Yellow, One Size",$11.46 $ 11 . 46,False,False,/Flexfit-Ultrafibre-Airmesh-Fitted-Black/dp/B073DXLPRY/ref=sr_1_60?crid=3UD0HZDEGZ2PT&dib=eyJ2IjoiMSJ9.rsRuWNAZIB5bJy_6apC1D6fViCnWRiArbSkeDUxcunNRpYfEX2q__cT3x02aZFhXWIjPAUUVfrLxdpUcTZNh-4bj9A7jW-CNxDjtRnLzIaK3U623ZVoeyq_65dpvZm51SWudK4FhdhwOYxZijWk0NGFE6FJ3LByZBfMExzE-Hv2Jv7Z_iVka4NBH5ElG7tXe_OEM84M5WyNsPNZ9jrWR6_Lj-LfvyIlDgth2lKRf6GuqlJquu8l601mCKr85IFgqZT1gqLj5dY90tqHvwKv7wL6ihdmwWBX-fg9aM3K-qiQ.62hhOMs03pOBJCAqa00pasq8FWHYmegpC4b8FWCUn7M&dib_tag=se&keywords=hats&qid=1759275853&sprefix=ha%2Caps%2C230&sr=8-60
Outdoor UPF50+ Mesh Sun Hat Wide Brim Fishing Hat with Neck Flap Sun Hat for Men Women,$14.44 $ 14 . 44,False,True,/sspa/click?ie=UTF8&spc=MTo0OTAzMTAzNzgzODMwOTg5OjE3NTkyNzU4NTM6c3Bfc2VhcmNoX3RoZW1hdGljX2J0ZjoyMDAwMjk5Mjk2NDUzOTg6OjA6Og&url=%2FHome-Prefer-Outdoor-UPF50-Fishing%2Fdp%2FB07CS2NGNQ%2Fref%3Dsxbs_pa_sp_search_thematic_btf_sspa%3Fcontent-id%3Damzn1.sym.22eec61d-d330-4f16-95bb-29891c9c1cdb%253Aamzn1.sym.22eec61d-d330-4f16-95bb-29891c9c1cdb%26crid%3D3UD0HZDEGZ2PT%26cv_ct_cx%3Dhats%26keywords%3Dhats%26pd_rd_i%3DB07CS2NGNQ%26pd_rd_r%3D3e976edc-43c4-4840-8a38-3c5307b9e902%26pd_rd_w%3DeKi1f%26pd_rd_wg%3DAqkLY%26pf_rd_p%3D22eec61d-d330-4f16-95bb-29891c9c1cdb%26pf_rd_r%3D4PGPHAE6W0F4SWA31Z25%26qid%3D1759275853%26sbo%3DRZvfv%252F%252FHxDF%252BO5021pAnSA%253D%253D%26sprefix%3Dha%252Caps%252C230%26sr%3D1-1-fb395260-7243-4e30-82ce-3176e35831b6-spons%26sp_csd%3Dd2lkZ2V0TmFtZT1zcF9zZWFyY2hfdGhlbWF0aWNfYnRm%26psc%3D1&aref=M9KPo3rjx9
Trucker Hat [ Great Outdoors Design ] for Men and Women: Mid Profile Cap with Breathable Mesh Back and Adjustable Snap,$29.99 $ 29 . 99,False,False,/sspa/click?ie=UTF8&spc=MTo0OTAzMTAzNzgzODMwOTg5OjE3NTkyNzU4NTM6c3Bfc2VhcmNoX3RoZW1hdGljX2J0ZjoyMDAwODcxMTY3MzU4OTg6OjE6Og&url=%2FLindo-Trucker-Hat-Outdoors-Collection%2Fdp%2FB06WV7411J%2Fref%3Dsxbs_pa_sp_search_thematic_btf_sspa%3Fcontent-id%3Damzn1.sym.22eec61d-d330-4f16-95bb-29891c9c1cdb%253Aamzn1.sym.22eec61d-d330-4f16-95bb-29891c9c1cdb%26crid%3D3UD0HZDEGZ2PT%26cv_ct_cx%3Dhats%26keywords%3Dhats%26pd_rd_i%3DB06WV7411J%26pd_rd_r%3D3e976edc-43c4-4840-8a38-3c5307b9e902%26pd_rd_w%3DeKi1f%26pd_rd_wg%3DAqkLY%26pf_rd_p%3D22eec61d-d330-4f16-95bb-29891c9c1cdb%26pf_rd_r%3D4PGPHAE6W0F4SWA31Z25%26qid%3D1759275853%26sbo%3DRZvfv%252F%252FHxDF%252BO5021pAnSA%253D%253D%26sprefix%3Dha%252Caps%252C230%26sr%3D1-2-fb395260-7243-4e30-82ce-3176e35831b6-spons%26sp_csd%3Dd2lkZ2V0TmFtZT1zcF9zZWFyY2hfdGhlbWF0aWNfYnRm%26psc%3D1&aref=irfE0fnlFN
Vintage 1995 1996 1997 1998 1999 2000 2001 2002 2003 2004 Limited Edition Adjustable Embroidered Baseball Cap,$18.99 $ 18 . 99,False,False,/sspa/click?ie=UTF8&spc=MTo0OTAzMTAzNzgzODMwOTg5OjE3NTkyNzU4NTM6c3Bfc2VhcmNoX3RoZW1hdGljX2J0ZjozMDA1MzMyMzEyMDY3MDI6OjI6Og&url=%2FBirthday-Decorations-Adjustable-Embroidered-Retirement%2Fdp%2FB0DK6SRY89%2Fref%3Dsxbs_pa_sp_search_thematic_btf_sspa%3Fcontent-id%3Damzn1.sym.22eec61d-d330-4f16-95bb-29891c9c1cdb%253Aamzn1.sym.22eec61d-d330-4f16-95bb-29891c9c1cdb%26crid%3D3UD0HZDEGZ2PT%26cv_ct_cx%3Dhats%26keywords%3Dhats%26pd_rd_i%3DB0DK6SRY89%26pd_rd_r%3D3e976edc-43c4-4840-8a38-3c5307b9e902%26pd_rd_w%3DeKi1f%26pd_rd_wg%3DAqkLY%26pf_rd_p%3D22eec61d-d330-4f16-95bb-29891c9c1cdb%26pf_rd_r%3D4PGPHAE6W0F4SWA31Z25%26qid%3D1759275853%26sbo%3DRZvfv%252F%252FHxDF%252BO5021pAnSA%253D%253D%26sprefix%3Dha%252Caps%252C230%26sr%3D1-3-fb395260-7243-4e30-82ce-3176e35831b6-spons%26sp_csd%3Dd2lkZ2V0TmFtZT1zcF9zZWFyY2hfdGhlbWF0aWNfYnRm%26psc%3D1&aref=xJYOYK0ty3
Men's Caps - Del Mar Mesh Panel Baseball Cap Trucker Hat - Snap Back Hats for Men,$33.99 $ 33 . 99,False,False,/sspa/click?ie=UTF8&spc=MTo0OTAzMTAzNzgzODMwOTg5OjE3NTkyNzU4NTM6c3Bfc2VhcmNoX3RoZW1hdGljX2J0ZjozMDA3ODEzNTA0OTI1MDI6OjM6Og&url=%2FHurley-Mens-Caps-Baseball-Trucker%2Fdp%2FB0DSM1D98G%2Fref%3Dsxbs_pa_sp_search_thematic_btf_sspa%3Fcontent-id%3Damzn1.sym.22eec61d-d330-4f16-95bb-29891c9c1cdb%253Aamzn1.sym.22eec61d-d330-4f16-95bb-29891c9c1cdb%26crid%3D3UD0HZDEGZ2PT%26cv_ct_cx%3Dhats%26keywords%3Dhats%26pd_rd_i%3DB0DSM1D98G%26pd_rd_r%3D3e976edc-43c4-4840-8a38-3c5307b9e902%26pd_rd_w%3DeKi1f%26pd_rd_wg%3DAqkLY%26pf_rd_p%3D22eec61d-d330-4f16-95bb-29891c9c1cdb%26pf_rd_r%3D4PGPHAE6W0F4SWA31Z25%26qid%3D1759275853%26sbo%3DRZvfv%252F%252FHxDF%252BO5021pAnSA%253D%253D%26sprefix%3Dha%252Caps%252C230%26sr%3D1-4-fb395260-7243-4e30-82ce-3176e35831b6-spons%26sp_csd%3Dd2lkZ2V0TmFtZT1zcF9zZWFyY2hfdGhlbWF0aWNfYnRm%26psc%3D1&aref=G9l4vehtKH
"Women's Ponytail Safari Sun Hat,Wide Brim UV Protection Outdoor Bucket Hat,Foldable Beach Summer Fishing Hat",$12.99 $ 12 . 99,False,False,/sspa/click?ie=UTF8&spc=MTo0OTAzMTAzNzgzODMwOTg5OjE3NTkyNzU4NTM6c3Bfc2VhcmNoX3RoZW1hdGljX2J0ZjoyMDAxNDMyMzg0OTg2OTg6OjQ6Og&url=%2FZOORON-Ponytail-Protection-Outdoor-Foldable%2Fdp%2FB0BLBZ9GYP%2Fref%3Dsxbs_pa_sp_search_thematic_btf_sspa%3Fcontent-id%3Damzn1.sym.22eec61d-d330-4f16-95bb-29891c9c1cdb%253Aamzn1.sym.22eec61d-d330-4f16-95bb-29891c9c1cdb%26crid%3D3UD0HZDEGZ2PT%26cv_ct_cx%3Dhats%26keywords%3Dhats%26pd_rd_i%3DB0BLBZ9GYP%26pd_rd_r%3D3e976edc-43c4-4840-8a38-3c5307b9e902%26pd_rd_w%3DeKi1f%26pd_rd_wg%3DAqkLY%26pf_rd_p%3D22eec61d-d330-4f16-95bb-29891c9c1cdb%26pf_rd_r%3D4PGPHAE6W0F4SWA31Z25%26qid%3D1759275853%26sbo%3DRZvfv%252F%252FHxDF%252BO5021pAnSA%253D%253D%26sprefix%3Dha%252Caps%252C230%26sr%3D1-5-fb395260-7243-4e30-82ce-3176e35831b6-spons%26sp_csd%3Dd2lkZ2V0TmFtZT1zcF9zZWFyY2hfdGhlbWF0aWNfYnRm%26psc%3D1&aref=ZfLpToiC3b
